id,place_id,nombre,direccion,telefono,website,fotos_count,resenas_count,rating,tiene_horarios,categoria,zona,lat,lng,score,estado_contacto,notas,created_at,updated_at
8807e3cc0dfa492cb751c4e7a2a8e28f,ChIJtVWzhp05Yg0RYykchSfjFGw,Peluqueria ines,"C/ de Juan Ramón Jiménez, 23, 03560 Alicante, Spain",654 13 15 03,,0,3,5.0,0,peluquerias,"San Juan Playa, Alicante",38.3872423,-0.412334,7,sin_contactar,,2026-05-20 00:43:23.688282,2026-05-20 00:43:23.688285
99b9897a06944ee98cb0a66ead70d05c,ChIJExGX1fQ5Yg0RhQ5ZJkCyF9w,Peluquería Jose Luis,"03550 Sant Joan d'Alacant, Alicante, Spain",,,0,0,,0,peluquerias,"San Juan Playa, Alicante",38.39742750000001,-0.4314476,7,sin_contactar,,2026-05-20 00:43:24.492260,2026-05-20 00:43:24.492262
b900f7ed52c34207a5b14ebf8e5d5836,ChIJD-fE7do5Yg0Ru7H8dosYfuk,Peluquería canina,"Avinguda de Benidorm, 7, 03550 Sant Joan d'Alacant, Alicante, Spain",318 7372966,,0,0,,1,peluquerias,"San Juan Playa, Alicante",38.3954195,-0.4321871,7,sin_contactar,,2026-05-20 00:43:25.638637,2026-05-20 00:43:25.638640
d03d88ddd4e04e84b5c7d0db14b0d830,ChIJYeYfGPU5Yg0RE4IF-X64xN0,K Pelos,"Avinguda de la Diagonal, 1, 03550 Sant Joan d'Alacant, Alicante, Spain",966 29 20 85,,0,0,,0,peluquerias,"San Juan Playa, Alicante",38.3983364,-0.4328681,7,sin_contactar,,2026-05-20 00:43:27.278949,2026-05-20 00:43:27.278952
0ecf83a314c04fa5b47af34cd2387d6f,ChIJP3IyCvU5Yg0RlRlpEQIg2jo,Peluqueria Imagine,"Carrer Tomas Capelo, 7, 03550 Sant Joan d'Alacant, Alicante, Spain",,,1,3,3.7,0,peluquerias,"San Juan Playa, Alicante",38.3984357,-0.433596,7,sin_contactar,,2026-05-20 00:43:29.987998,2026-05-20 00:43:29.988001
3170a3eb84ec49fa91fb6f3f02f16a75,ChIJS5q2U_Q5Yg0RCHbekjEfYJ0,Manuel Navarro Alemany,"Calle Dr. Gadea, 1, 03550 Sant Joan d'Alacant, Alicante, Spain",965 65 38 37,,0,2,1.0,0,peluquerias,"San Juan Playa, Alicante",38.3973426,-0.433933,7,sin_contactar,,2026-05-20 00:43:30.797810,2026-05-20 00:43:30.797813
17662d1e10a649e9bcef77a8b5877520,ChIJ-xtHuvU5Yg0RVZ8eiDN9zzY,ALOHA,"Eduardo Ainos -La Diagonal, Loca 4, 03550 Sant Joan d'Alacant, Alicante, Spain",966 37 20 18,,0,1,1.0,1,tiendas_ropa,"San Juan Playa, Alicante",38.4020456,-0.4360296,7,sin_contactar,,2026-05-20 00:43:40.473857,2026-05-20 00:43:40.473860
113ae09605274005883ff6eb94161e0e,ChIJrWQfCvU5Yg0RjcXmUYrSvG4,Tutto Tempo San Juan,"Carrer Tomas Capelo, 3, 03550 Sant Joan d'Alacant, Alicante, Spain",965 50 29 76,,0,3,4.3,1,tiendas_ropa,"San Juan Playa, Alicante",38.398432,-0.4339883,7,sin_contactar,,2026-05-20 00:43:41.561363,2026-05-20 00:43:41.561366
99618373e25446b2bad0b47f5d7392a2,ChIJv51XAMQ5Yg0R96qPxQiKSwU,XMARCAS,"Av. de Miguel Hernández, 28, 03550 Sant Joan d'Alacant, Alicante, Spain",722 89 16 59,,0,3,4.3,1,tiendas_ropa,"San Juan Playa, Alicante",38.3954867,-0.4306696,7,sin_contactar,,2026-05-20 00:43:44.008360,2026-05-20 00:43:44.008363
8faf82f0306c4437a5fc2c2bbf6cbde9,ChIJtxFUewA5Yg0RPCX3qDV5nJg,SW VOGUE,"Carrer Benimagrell, 1A, 03550 Sant Joan d'Alacant, Alicante, Spain",,,0,0,,0,tiendas_ropa,"San Juan Playa, Alicante",38.3938217,-0.4327252,7,sin_contactar,,2026-05-20 00:43:44.561068,2026-05-20 00:43:44.561071
0dd2b24ab406447386563442b043f51c,ChIJ933bPgA5Yg0RyslOUIGbp2c,Carole boutique,"Avinguda de la Diagonal, 5, 03550 Sant Joan d'Alacant, Alicante, Spain",,,0,0,,1,tiendas_ropa,"San Juan Playa, Alicante",38.3982532,-0.4327858,7,sin_contactar,,2026-05-20 00:43:45.376813,2026-05-20 00:43:45.376816
94b5b425c1a24af48dbb460afc67df9c,ChIJtWZ4ESM5Yg0RZY8nhC_Tj0Q,Papallona,"Carrer del Mercat, 46, 03550 Sant Joan d'Alacant, Alicante, Spain",668 56 14 48,,1,1,5.0,0,tiendas_ropa,"San Juan Playa, Alicante",38.3996468,-0.4322355,7,sin_contactar,,2026-05-20 00:43:45.646210,2026-05-20 00:43:45.646213
bce3ef059eec47289eb978a8bfc28936,ChIJlwLO0DU5Yg0ROAus1UvTpto,Big Dreams,"C/ Carmen, 83, 3B, 03550 Alicante, Spain",697 25 96 24,,0,0,,0,tiendas_ropa,"San Juan Playa, Alicante",38.3946847,-0.4334133,7,sin_contactar,,2026-05-20 00:43:45.919359,2026-05-20 00:43:45.919362
a3ad8fd000ea45d396dd5e1284818184,ChIJyy_BC_U5Yg0RdEpGWSIjlaI,Moda & Complementos Rebajas,"Carrer Tomas Capelo, 7, 03550 Sant Joan d'Alacant, Alicante, Spain",,,0,0,,0,tiendas_ropa,"San Juan Playa, Alicante",38.3984623,-0.4335261,7,sin_contactar,,2026-05-20 00:43:46.729089,2026-05-20 00:43:46.729092
58f4a3b373114a0eb614759939d0c63f,ChIJVchXRI87Yg0RPqve8oA828w,ESFINAGARCÍA,"Av. la Rambla, 9, 03550 Sant Joan d'Alacant, Alicante, Spain",655 92 00 29,,0,0,,1,tiendas_ropa,"San Juan Playa, Alicante",38.4008635,-0.4351403,7,sin_contactar,,2026-05-20 00:43:51.109428,2026-05-20 00:43:51.109440
976cf25123fd4fef80d8267a0be57b6f,ChIJ0crEroc7Yg0RXDUUdUmjL2U,Divasandia,"Av. la Rambla, 9, 03550 Sant Joan d'Alacant, Alicante, Spain",,,2,1,5.0,0,tiendas_ropa,"San Juan Playa, Alicante",38.4008462,-0.4352648,7,sin_contactar,,2026-05-20 00:43:51.379029,2026-05-20 00:43:51.379031
0c85c0b7ffe64d20afe623363b809a2e,ChIJuZ8FpB06Yg0R3S81Bqb8c9g,"REPRESENTACIONES ALICANTE VD, S.L","Carrer Colon, 33, Bajo, 03550 Sant Joan d'Alacant, Alicante, Spain",,,0,0,,0,tiendas_ropa,"San Juan Playa, Alicante",38.4016901,-0.4381067,7,sin_contactar,,2026-05-20 00:43:52.198618,2026-05-20 00:43:52.198620
ed94a1ca434342faa4a56658495b1b98,ChIJ8-5bOKE5Yg0RyUX4wf1F6ow,"""Estilo en Cada Rincón""","Av. de Alicante, 56, 03550 Sant Joan d'Alacant, Alicante, Spain",07578 810052,,1,0,,1,tiendas_ropa,"San Juan Playa, Alicante",38.3918671,-0.4414579,7,sin_contactar,,2026-05-20 00:43:52.734485,2026-05-20 00:43:52.734488
d8d835e1c64d43f6b8e8589f43a03b7c,ChIJ5dAsyJQ5Yg0RtonpLNswMEk,Tiendas ekono,"Pl. Luis Foglietti, 7, 03559 Santa Faz, Alicante, Spain",,,0,0,,0,tiendas_ropa,"San Juan Playa, Alicante",38.389754,-0.4433246,7,sin_contactar,,2026-05-20 00:43:53.005806,2026-05-20 00:43:53.005808
4d6a7a87ae534b788c321d67b3a67292,ChIJxVZyKAA5Yg0RPMRyrpM3L3I,Bazar Milanes,"Av. Santander, 58, 03540 Alicante, Spain",,,1,0,,0,tiendas_ropa,"San Juan Playa, Alicante",38.3755478,-0.4144213,7,sin_contactar,,2026-05-20 00:43:53.275818,2026-05-20 00:43:53.275820
ce313dea55354786aa3139979b6ccbee,ChIJqzs4U6Y5Yg0RldxenArAY4o,Victoria Pleite Esteso,"Av. Bruselas, 12, 03540 Alicante, Spain",965 26 66 80,,0,0,,1,tiendas_ropa,"San Juan Playa, Alicante",38.3708006,-0.4151506,7,sin_contactar,,2026-05-20 00:43:54.657621,2026-05-20 00:43:54.657623
a7b549891ff14465914169d8832a919e,ChIJv8Looqc5Yg0R_I9XZA08BiA,Yaiza,"03540 Alicante, Spain",,,1,3,5.0,0,tiendas_ropa,"San Juan Playa, Alicante",38.3705457,-0.4138095,7,sin_contactar,,2026-05-20 00:43:55.453429,2026-05-20 00:43:55.453432
559342f761294ed49efa70757cf66aae,ChIJjdQrrQ86Yg0RgL6hNqruxgc,Cerezas Verdes C B,"Carrer Mare de Déu del Pilar, 0 S N, 03110 Mutxamel, Alicante, Spain",965 95 33 92,,0,0,,1,tiendas_ropa,"San Juan Playa, Alicante",38.41314,-0.44271,7,sin_contactar,,2026-05-20 00:43:55.719292,2026-05-20 00:43:55.719295
1f8b3a3be93b4755b8cbe0272ce0a76c,ChIJkTGXMIA5Yg0R8QwpZP7bN4A,go pilates & wellness,"03560 Fabraquer, Alacant, Spain",965 94 16 90,,0,0,,0,gimnasios,"San Juan Playa, Alicante",38.398088,-0.413311,7,sin_contactar,,2026-05-20 00:44:01.531655,2026-05-20 00:44:01.531658
39a1c3cbcdd94255b76fe3c7028a6d42,ChIJ3RSABXg5Yg0RPb2uGoxs1ZM,Kriya Yoga Alicante,"Av. de Niza, s/n, 03540 Alicante, Spain",,,2,2,5.0,1,gimnasios,"San Juan Playa, Alicante",38.3744866,-0.4096635,7,sin_contactar,,2026-05-20 00:44:14.925231,2026-05-20 00:44:14.925234
106fb856e45642788b01e50161b6ec7e,ChIJBzCq7fQ5Yg0R9qfSAGqDVyI,Clinica Dental Claudia Quintana,"C. del Notario Salvador Montesinos Bonet, 6, 03550 Sant Joan d'Alacant, Alicante, Spain",965 94 09 13,,0,1,5.0,0,clinicas_dentales,"San Juan Playa, Alicante",38.396253,-0.4330006,7,sin_contactar,,2026-05-20 00:44:21.788382,2026-05-20 00:44:21.788385
d547329cd82a495db5d511d04c0dd9dd,ChIJn5L9u_85Yg0Rbug3rnuHhwY,Viviana Rendón Odontología,"Av. del Locutor Vicente Hipólito, 39, Local 23 Centro comercial Logozo, 03540 Alicante, Spain",618 60 23 00,,1,0,,1,clinicas_dentales,"San Juan Playa, Alicante",38.3762929,-0.4216903,7,sin_contactar,,2026-05-20 00:44:24.274641,2026-05-20 00:44:24.274644
5ff60f0772a24f7fb4458a9e55792535,ChIJ6y5j2M47Yg0R9z3f5hhwNb0,Arsenio Juan Martínez,"Carrer de Gata, 7, 03560 El Campello, Alicante, Spain",,,0,1,5.0,0,clinicas_dentales,"San Juan Playa, Alicante",38.4152312,-0.4056878,7,sin_contactar,,2026-05-20 00:44:24.540744,2026-05-20 00:44:24.540747
3c3ba5144ace4d8eb01e63460b3a58e9,ChIJEc_KBg86Yg0RFQNZrALZNsk,Avelino Manuel Sirvent Cerdá,"Avinguda Carlos Soler, 18, 03110 Mutxamel, Alicante, Spain",965 95 18 85,,0,0,,0,clinicas_dentales,"San Juan Playa, Alicante",38.4128881,-0.4433996,7,sin_contactar,,2026-05-20 00:44:25.077563,2026-05-20 00:44:25.077565
ce20b82ce20647288a8f8c783439c3fd,ChIJtxmHIB87Yg0RbPBdzWCHWhA,Essence V,"Carrer la Mar, 03550 Sant Joan d'Alacant, Alicante, Spain",685 37 85 69,,10,0,,1,tiendas_ropa,"San Juan Playa, Alicante",38.4019903,-0.4328183,6,sin_contactar,,2026-05-20 00:43:49.471104,2026-05-20 00:43:49.471108
becc4d3e718a45a68f2eaae950f6df9e,ChIJ04oUCKk5Yg0RhesOan78dto,Esencia Perfumería,"Av. Santander, 25, local 58, 03540 Alicante, Spain",622 27 12 50,,6,3,5.0,1,tiendas_ropa,"San Juan Playa, Alicante",38.3720872,-0.4146768,6,sin_contactar,,2026-05-20 00:43:54.382370,2026-05-20 00:43:54.382373
b18bdd439a464b12aa503ce6f6af7877,ChIJ-YRCZDg5Yg0RoIpdUT_Emow,Tapoa,"Av. Santander, 20, 03540 Alicante, Spain",,,1,15,1.8,0,tiendas_ropa,"San Juan Playa, Alicante",38.3701768,-0.4140979,6,sin_contactar,,2026-05-20 00:43:56.010035,2026-05-20 00:43:56.010037
2ba0f7d34be345bc9a00f4db98f2e9ae,ChIJG2cy0WA7Yg0R33op6JxKq1A,Saray Aparicio Nutrición,"Healthymotion Center, C. del Notario Salvador Montesinos Bonet, 21, 03550 San Juan, Alicante, Spain",650 66 73 72,,9,1,5.0,0,gimnasios,"San Juan Playa, Alicante",38.3967113,-0.4317582,6,sin_contactar,,2026-05-20 00:44:07.002731,2026-05-20 00:44:07.002735
8421796445d34802bb4cbdbff1dd9464,ChIJY5pgIHU5Yg0RdYY4-sqCY4s,Restaurante Mediterráneo,"Av. de Niza, 35, 03540 Alicante, Spain",682 05 64 96,,10,780,3.3,1,restaurantes,"San Juan Playa, Alicante",38.3801796,-0.4098889,5,sin_contactar,,2026-05-20 00:43:03.190143,2026-05-20 00:43:03.190146
d69023d73af94f638dd968b87ba0bdbd,ChIJfSklMos5Yg0RZvomSN6DZ4s,Peluquería Saray Ferreira,"C. del Notario Salvador Montesinos Bonet, 18, 03550 Sant Joan d'Alacant, Alicante, Spain",966 28 49 74,,0,99,4.9,1,peluquerias,"San Juan Playa, Alicante",38.3967841,-0.4312922,5,sin_contactar,,2026-05-20 00:43:23.415987,2026-05-20 00:43:23.415990
531e8705ebcd407a853c319bc7e0b5a2,ChIJO7Duhm45Yg0RAs3aUPd3qCo,Ortiz Style,"Avinguda de la Diagonal, 03550 Sant Joan d'Alacant, Alicante, Spain",611 82 00 23,,2,7,5.0,1,peluquerias,"San Juan Playa, Alicante",38.3982396,-0.4328001,5,sin_contactar,,2026-05-20 00:43:26.848832,2026-05-20 00:43:26.848835
e6243b1eb29840b29cb8903153ed6fc3,ChIJQw16ZPA5Yg0RLiRri9HyGpg,Pilar Riquelme,"Calle Dr. Gadea, 4, 03550 San Juan, Alicante, Spain",622 50 31 31,,1,17,4.8,1,peluquerias,"San Juan Playa, Alicante",38.3971378,-0.433712,5,sin_contactar,,2026-05-20 00:43:29.174197,2026-05-20 00:43:29.174200
db0fc96f6fd24f9ab518b4b375f99de9,ChIJL_HBVPQ5Yg0R7q1rT6Mgs4c,Abel peluqueros,"C/ Jaume I, 19, 03550 Sant Joan d'Alacant, Alicante, Spain",965 65 81 32,,0,26,4.5,1,peluquerias,"San Juan Playa, Alicante",38.397302,-0.4338396,5,sin_contactar,,2026-05-20 00:43:29.718396,2026-05-20 00:43:29.718399
80222a13abb64acb98fc7cd08c24f306,ChIJdfRFTwg6Yg0RGhZs71Hokok,Droguería - Perfumería Royairpi,"Hermanos, Carrer Salvador i Vicente Pérez Lledó, 14, 03110 Mutxamel, Alicante, Spain",965 95 35 33,,0,245,4.4,1,tiendas_ropa,"San Juan Playa, Alicante",38.4128013,-0.4417511000000001,5,sin_contactar,,2026-05-20 00:43:43.462806,2026-05-20 00:43:43.462809
a71c9b8c6acb4f06a381ff5019404314,ChIJOUV3sac5Yg0RN9aekwaReJ8,La Maleta De Rocio,"Av. Santander, 21, 03540 Alicante, Spain",649 29 83 55,,0,10,4.1,0,tiendas_ropa,"San Juan Playa, Alicante",38.3701458,-0.414443,5,sin_contactar,,2026-05-20 00:43:56.009557,2026-05-20 00:43:56.009560
c983d57053854c5d9cadb6394726df5e,ChIJnycv8YE5Yg0RNQKsj0H-tCg,Buffalo Olympic Gym Alicante,"Av. Santander, 17, 03540 Alicante, Spain",635 77 03 52,,2,9,5.0,0,gimnasios,"San Juan Playa, Alicante",38.3708454,-0.4143907,5,sin_contactar,,2026-05-20 00:44:15.470260,2026-05-20 00:44:15.470263
6cffe03df2154bf7b5b65aa8fbaea07e,ChIJlX14_vQ5Yg0R5I7_aNrgNLk,Sonia Berenguer Cantalapiedra,"Calle Dr. Gadea, 8, 03550 Sant Joan d'Alacant, Alicante, Spain",965 93 97 59,,0,5,4.2,1,clinicas_dentales,"San Juan Playa, Alicante",38.39727269999999,-0.4334372,5,sin_contactar,,2026-05-20 00:44:22.060252,2026-05-20 00:44:22.060255
450eae94c72541d1aaf12fcc9b349475,ChIJKbjHyPo5Yg0RuoFMTvAXufw,Aleo Asistencia Dental Personalizada,"Plaza Sta. Faz, 03559 Alicante, Spain",965 65 97 98,,0,19,4.6,1,clinicas_dentales,"San Juan Playa, Alicante",38.390046,-0.4422356,5,sin_contactar,,2026-05-20 00:44:24.009960,2026-05-20 00:44:24.009962
ea561c355a394ba7bc846abc3e4c713e,ChIJD1CFEPQ5Yg0R1axIc86CK-E,Pizzeria Nando,"Carrer Dr. Severo Ochoa, 6, 03550 Sant Joan d'Alacant, Alicante, Spain",966 37 25 46,,10,1090,4.6,1,restaurantes,"San Juan Playa, Alicante",38.3956889,-0.4351096,4,sin_contactar,,2026-05-20 00:43:02.355714,2026-05-20 00:43:02.355717
d3f2feb58604482cbdfbcd12c276efb6,ChIJPw2Ljw86Yg0RP1IThSDKYqQ,Restaurant Kebab Pizzeria Mutxamel,"Av. de Alicante, 3, 03110 Mutxamel, Alicante, Spain",965 95 27 06,,10,558,4.0,1,restaurantes,"San Juan Playa, Alicante",38.4110906,-0.442557,4,sin_contactar,,2026-05-20 00:43:05.955791,2026-05-20 00:43:05.955794
ec932e6405d948219de23e0347a2a39b,ChIJvQLodNA7Yg0RImu8d3TjbDQ,Hostal Restaurante Arosa,"Carrer de Velázquez, 3, 03560 El Campello, Alicante, Spain",965 94 11 00,,10,293,4.3,1,restaurantes,"San Juan Playa, Alicante",38.4093622,-0.403763,4,sin_contactar,,2026-05-20 00:43:12.662118,2026-05-20 00:43:12.662121
caba5ca992b3433a86e30956f04914cb,ChIJaRRtiHk5Yg0Ri4OXx4EVxDA,Atica Restaurante,"Carrer Dr. Severo Ochoa, 2, 03550 Sant Joan d'Alacant, Alicante, Spain",965 65 94 43,,10,597,4.2,1,restaurantes,"San Juan Playa, Alicante",38.3950099,-0.4366958,4,sin_contactar,,2026-05-20 00:43:13.205044,2026-05-20 00:43:13.205047
9c5fe0bcdf684de68d52010f82ee112c,ChIJfcx9HXc5Yg0RkX5nZ_KiRrU,Restaurante Terramar Playa Muchavista,"Carrer de les Columbretes, 1, 03560 Alacant, Alicante, Spain",865 68 55 59,,10,872,4.5,0,restaurantes,"San Juan Playa, Alicante",38.3868687,-0.4093844,4,sin_contactar,,2026-05-20 00:43:13.751289,2026-05-20 00:43:13.751291
8f5d191f67e948d98012b899844cbde2,ChIJd0kfOuk5Yg0RAO6xl-xi5G8,Entremigas Coffe&Bakery,"Av. Elda, 18, 03550 Sant Joan d'Alacant, Alicante, Spain",,,10,16,4.7,0,restaurantes,"San Juan Playa, Alicante",38.3925113,-0.4229866,4,sin_contactar,,2026-05-20 00:43:13.751711,2026-05-20 00:43:13.751712
5c9b968e8d594068ac1f215004243d79,ChIJvXQjm_U5Yg0RmAlC6kDs9cU,Peluquería Medina,"Carrer del Mercat, 14, 03550 Sant Joan d'Alacant, Alicante, Spain",965 94 03 25,,4,89,4.8,1,peluquerias,"San Juan Playa, Alicante",38.3992916,-0.4341564,4,sin_contactar,,2026-05-20 00:43:19.287399,2026-05-20 00:43:19.287402
42e3cb9b9ff24cd0ae9e487588ece9e0,ChIJgSQiVOU5Yg0RW5anT11DwyI,Peluqueria ISA,"C. Verónica, 21, 03550 Santa Faz, Alicante, Spain",965 65 53 92,,6,16,4.4,1,peluquerias,"San Juan Playa, Alicante",38.38937,-0.44104,4,sin_contactar,,2026-05-20 00:43:20.122954,2026-05-20 00:43:20.122957
ac20f220037349bba72dd2d5dace3c21,ChIJV7otPow5Yg0RRxpmnmPwx0w,Peluquería Venus - Playa San Juan Alicante,"Avinguda de la Costa Blanca, 125, 03540 Alacant, Alicante, Spain",965 16 59 14,,6,127,4.6,1,peluquerias,"San Juan Playa, Alicante",38.3711547,-0.412291,4,sin_contactar,,2026-05-20 00:43:21.225529,2026-05-20 00:43:21.225533
363fd532176a4d218fd20b752c3f6d5b,ChIJmwliUA46Yg0RphSnxR_gE2w,Mamen Peluquería,"C/ del Mar, 33, 03110 Mutxamel, Alicante, Spain",965 95 57 80,,7,19,4.6,1,peluquerias,"San Juan Playa, Alicante",38.41376210000001,-0.4427095,4,sin_contactar,,2026-05-20 00:43:22.057399,2026-05-20 00:43:22.057403
c9a96765e39d4ba7b98e6d58403420b0,ChIJkd3yoso7Yg0RpxIXYabZmcQ,Scheref | Centro de Peluquería y Estética,"Ctra. Valencia, Km 89, 03550 Sant Joan d'Alacant, Alicante, Spain",965 65 72 22,,10,233,3.9,1,peluquerias,"San Juan Playa, Alicante",38.4073189,-0.4229573,4,sin_contactar,,2026-05-20 00:43:22.324907,2026-05-20 00:43:22.324910
d0111f2a94f5438d8c585a026dca3874,ChIJj_WTA405Yg0RpyDCQ1778LI,Amar Hair Salon,"Carrer Joaquim Gonzàlez I Caturla, 13, Local 6, 03550 Sant Joan d'Alacant, Alicante, Spain",624 04 67 13,,10,25,5.0,1,peluquerias,"San Juan Playa, Alicante",38.390763,-0.4288842,4,sin_contactar,,2026-05-20 00:43:22.875871,2026-05-20 00:43:22.875874
84a92928e02043bf943f5760546790eb,ChIJW2Zyw0OptgYRafhWH-uqRb0,Beautiful Mirada Estudio Estética-San Juan Playa,"Maestro José Garberí Serrano, 14, Local 13. Pau5, 03540 Alicante, Spain",622 75 42 29,,10,73,4.9,1,peluquerias,"San Juan Playa, Alicante",38.3857009,-0.4170692,4,sin_contactar,,2026-05-20 00:43:23.958697,2026-05-20 00:43:23.958700
e67910851d3e4aba9b8ae453b05b1800,ChIJScQKv0U2Yg0RGMFTN7Y9GTg,Peluqueria Estética corpus,"Maestro José Garberí Serrano, 14, 13, 03540 Alicante, Spain",965 65 82 50,,10,60,4.5,1,peluquerias,"San Juan Playa, Alicante",38.3857009,-0.4170692,4,sin_contactar,,2026-05-20 00:43:24.225462,2026-05-20 00:43:24.225464
c47445dcee3b4bc78fb6c7b7312e0ac8,ChIJ7Vmeu_Q5Yg0Ru1ISLBBGGPE,Peluqueria Ke-Korte,"Carrer Dr. Ivorra, 48, 03550 Sant Joan d'Alacant, Alicante, Spain",635 74 80 11,,10,11,4.6,1,peluquerias,"San Juan Playa, Alicante",38.3956091,-0.4322093,4,sin_contactar,,2026-05-20 00:43:25.914299,2026-05-20 00:43:25.914302
05c485d457794d9ea25919f053c95c9c,ChIJZfFpwfQ5Yg0RoBvyDcm_syE,Blanca Ayllón López,"C. del Notario Salvador Montesinos Bonet, 8, local 2, 03550 Sant Joan d'Alacant, Alicante, Spain",965 65 37 98,,8,56,4.9,1,peluquerias,"San Juan Playa, Alicante",38.3963215,-0.4323188,4,sin_contactar,,2026-05-20 00:43:26.183646,2026-05-20 00:43:26.183648
41b793a240d74573be8b77e17b76a80d,ChIJg_n1EvU5Yg0RO1RX1oadDrw,BARBERIA ESTILO YEBENES,"Carrer Tomas Capelo, 11, 03550 Sant Joan d'Alacant, Alicante, Spain",622 70 70 10,,10,240,4.9,1,peluquerias,"San Juan Playa, Alicante",38.3986029,-0.4331774,4,sin_contactar,,2026-05-20 00:43:27.842335,2026-05-20 00:43:27.842338
154a171806af4a97bc14cecf5bb818dc,ChIJN_xgu3I5Yg0RdNFs7DAuEmY,Estefanía Aracil peluqueros,"Carrer Dr. Ivorra, numero 3, 03550 Sant Joan d'Alacant, Alicante, Spain",697 54 56 27,,10,44,4.9,1,peluquerias,"San Juan Playa, Alicante",38.3983029,-0.4332934,4,sin_contactar,,2026-05-20 00:43:28.177408,2026-05-20 00:43:28.177410
5225b48609d0439bbe0ca54bb0ddf562,ChIJNx6htkY5Yg0RJ_ZbVtwpt9E,Peluqueria Ana,"Carrer del Mercat, 03550 San Juan, Alicante, Spain",865 68 06 41,,4,15,4.7,1,peluquerias,"San Juan Playa, Alicante",38.39958,-0.432903,4,sin_contactar,,2026-05-20 00:43:28.507943,2026-05-20 00:43:28.507946
75df997a204048baad9057cae1172edc,ChIJ6--rDvU5Yg0R126x-vJlNTU,Peluquería Mariola Garcia,"Carrer Dr. Ivorra, 2, 03550 Sant Joan d'Alacant, Alicante, Spain",965 65 79 41,,10,49,4.8,1,peluquerias,"San Juan Playa, Alicante",38.3982375,-0.4334323,4,sin_contactar,,2026-05-20 00:43:28.865883,2026-05-20 00:43:28.865886
0ef2dff7faa3487f8097f0a624fdd635,ChIJ0UmP5fk5Yg0RKeFm2R4S0Fw,Curly's Estilistas,"Maestro José Garberí Serrano, 11, 03540 Alicante, Spain",865 68 35 27,,10,56,4.8,1,peluquerias,"San Juan Playa, Alicante",38.3839781,-0.4163234,4,sin_contactar,,2026-05-20 00:43:29.451904,2026-05-20 00:43:29.451907
f6ce5e3a68d447788aa3f0e0b5fdecfe,ChIJj87Dlxw5Yg0Rjx7f3RSna_4,Peluqueria-Barberia Abel Mares,"Calle Dr. Gadea, 1, 03550 Sant Joan d'Alacant, Alicante, Spain",965 65 81 32,,3,23,4.8,1,peluquerias,"San Juan Playa, Alicante",38.3973426,-0.433933,4,sin_contactar,,2026-05-20 00:43:30.529447,2026-05-20 00:43:30.529450
3d853602bad149cc9a58b3fc3f8f0315,ChIJZVLBcnk5Yg0RPiFfkonXMpo,Évora Estilistes,"peluquería, Carrer l'Ordana, 29, 03550 Sant Joan d'Alacant, Alicante, Spain",966 04 51 26,,7,7,4.4,1,peluquerias,"San Juan Playa, Alicante",38.3992749,-0.4336742,4,sin_contactar,,2026-05-20 00:43:31.613907,2026-05-20 00:43:31.613911
19f2533a771d4938a7394c747a91c1cf,ChIJU6fZAh46Yg0R067bcq8RVOM,Amalia Valdivieso Hair Atelier,"C. de la Ordana, 8, local 2, 03550 Sant Joan d'Alacant, Alicante, Spain",692 19 83 57,,10,148,4.5,1,peluquerias,"San Juan Playa, Alicante",38.3997439,-0.4339869,4,sin_contactar,,2026-05-20 00:43:32.182947,2026-05-20 00:43:32.182950
b4287ae3fc724a21ba6ab0bda9e1a7a2,ChIJq4Lsx_U5Yg0RbV7MJnEniBw,Berenguer Peluqueros,"Carrer Mosén Pedro Mena, 4, 03550 Sant Joan d'Alacant, Alicante, Spain",638 76 50 81,,10,26,4.5,0,peluquerias,"San Juan Playa, Alicante",38.398155,-0.4349773,4,sin_contactar,,2026-05-20 00:43:32.454320,2026-05-20 00:43:32.454323
8eaf566f93d641fdb42d5c3f4d80b590,ChIJv2VZ9qI7Yg0Rw2wOJ4PLquE,Ana Alvarez Beauty Concept,"C. Pintor Manuel Baeza Gómez, 12, local 7, 03550 Sant Joan d'Alacant, Alicante, Spain",865 83 54 19,,10,112,5.0,1,peluquerias,"San Juan Playa, Alicante",38.4005781,-0.4342694,4,sin_contactar,,2026-05-20 00:43:33.266720,2026-05-20 00:43:33.266723
0a489414ad1c414c81847117dc8b7c21,ChIJu91TxfI5Yg0RNrWVY_ToMms,Belén Peluqueros,"Carrer Mosén Pedro Mena, 9, 03550 Sant Joan d'Alacant, Alicante, Spain",965 65 19 08,,5,7,5.0,1,peluquerias,"San Juan Playa, Alicante",38.3979234,-0.4353237,4,sin_contactar,,2026-05-20 00:43:33.534553,2026-05-20 00:43:33.534556
333f5078fbc54b8c9d5dac37131e6d84,ChIJSfZE5Xk7Yg0RXlORb9aBSRw,VICTOR FERNANDEZ BARBERIA,"Carrer petrer, 6, C, 03560 Fabraquer, Alicante, Spain",722 55 81 24,,10,39,4.9,1,peluquerias,"San Juan Playa, Alicante",38.4039754,-0.4060818,4,sin_contactar,,2026-05-20 00:43:33.819018,2026-05-20 00:43:33.819021
8ccdd10681fe4e62bbc9e86a158a7614,ChIJk7N20B06Yg0RnZUpKRE81wE,Peluquería Valentín,"Carrer del Pintor Manuel Baeza Gómez, 17, 03550 Sant Joan d'Alacant, Alicante, Spain",965 65 73 98,,4,73,4.7,1,peluquerias,"San Juan Playa, Alicante",38.4006205,-0.4344866,4,sin_contactar,,2026-05-20 00:43:34.368338,2026-05-20 00:43:34.368341
27633aa2c1e240528c3a824785ddb024,ChIJA1Ki2GM5Yg0RLfCvZthVqYY,N°8 HAIR STUDIO,"Carrer Mosén Pedro Mena, 14, 03550 Sant Joan d'Alacant, Alicante, Spain",966 15 70 05,,10,153,4.7,1,peluquerias,"San Juan Playa, Alicante",38.3980181,-0.4355502,4,sin_contactar,,2026-05-20 00:43:34.641047,2026-05-20 00:43:34.641050
1dbc61f5cc4b4b699540878346035e32,ChIJ13oBp_Y5Yg0R7pg8V_SgOEg,La Pelu de Pepe,"Carrer Dr. Pedro Herrero, 03550 Sant Joan d'Alacant, Alicante, Spain",965 65 32 76,,10,124,4.8,1,peluquerias,"San Juan Playa, Alicante",38.395351,-0.4359646,4,sin_contactar,,2026-05-20 00:43:34.909961,2026-05-20 00:43:34.909964
68fc42cd79464468bcdb35e43b102360,ChIJF8KEf1k5Yg0RcdTX7i2TVSA,The Jager's Barber Studio,"Carrer del Mercat, 7, 03550 Sant Joan d'Alacant, Alicante, Spain",722 52 72 43,,4,38,4.9,1,peluquerias,"San Juan Playa, Alicante",38.3991876,-0.4353697,4,sin_contactar,,2026-05-20 00:43:35.186507,2026-05-20 00:43:35.186510
eb1725eff67f412d936c272a9a24d544,ChIJ53w0lfQ5Yg0Rlo8sO0sZVnI,BEBÉ A BORDO Tiendas bebés Alicante,"Carrer Dr. Ivorra, 40, 03550 San Juan, Alicante, Spain",965 65 12 59,,7,40,4.4,1,tiendas_ropa,"San Juan Playa, Alicante",38.3960832,-0.4326558,4,sin_contactar,,2026-05-20 00:43:40.748705,2026-05-20 00:43:40.748708
f450ed96e74b4a6faf2a525967d03df3,ChIJrY9aFiw5Yg0R-4iZPGj2lAc,Camisetismo - Camisetas personalizadas en San Juan [Tienda Online],"Plaça de la Constitución, 03550 Sant Joan d'Alacant, Alicante, Spain",,https://cuevamarmota.com/,1,2,5.0,1,tiendas_ropa,"San Juan Playa, Alicante",38.3956631,-0.4331237,4,sin_contactar,,2026-05-20 00:43:45.105659,2026-05-20 00:43:45.105662
98064cb34e8c43c9b630c82cf43014f0,ChIJAY0FicA5Yg0RhPVSStVSg_c,El Armario de Natalie,"Carrer Tomas Capelo, 9, 03550 Sant Joan d'Alacant, Alicante, Spain",698 38 80 30,,7,6,5.0,1,tiendas_ropa,"San Juan Playa, Alicante",38.3984177,-0.4332904,4,sin_contactar,,2026-05-20 00:43:46.450808,2026-05-20 00:43:46.450811
b9cb2a4936a74d62974cfd6d9fdcb828,ChIJpQOCVCU5Yg0R5euJxaobyy0,Cambia T,"C/ Jaume I, 20, 03550 Sant Joan d'Alacant, Alicante, Spain",965 84 43 15,https://cambia-t.es/,0,0,,0,tiendas_ropa,"San Juan Playa, Alicante",38.3970318,-0.4342198,4,sin_contactar,,2026-05-20 00:43:47.264268,2026-05-20 00:43:47.264271
a80170cadf5f4ec1acddff7b7c760c30,ChIJrzDggz05Yg0Rw20CU7KaYZw,Yosicci,"C/ Jaume I, 10, 03550 Sant Joan d'Alacant, Alicante, Spain",,,10,5,4.6,1,tiendas_ropa,"San Juan Playa, Alicante",38.3976282,-0.4345224,4,sin_contactar,,2026-05-20 00:43:48.358109,2026-05-20 00:43:48.358112
365e8edf2b7c46e58e19a388128f320c,ChIJNRPNhPU5Yg0R23gOp62LXkU,"Lencemanía, moda interior","Carrer del Mercat, 17, 03550 Sant Joan d'Alacant, Alicante, Spain",636 37 38 40,,10,27,4.9,1,tiendas_ropa,"San Juan Playa, Alicante",38.3994567,-0.4340359,4,sin_contactar,,2026-05-20 00:43:48.654428,2026-05-20 00:43:48.654431
3d9ba65e55f0441fb4f4b41d8f5ac4d0,ChIJoaUHNdI5Yg0R_mXUX9nBDzY,Droguería - Perfumaría Royaipi,"Carrer l'Ordana, 8, 03550 Sant Joan d'Alacant, Alicante, Spain",865 57 73 65,,4,16,4.0,1,tiendas_ropa,"San Juan Playa, Alicante",38.3997273,-0.4339295,4,sin_contactar,,2026-05-20 00:43:48.922649,2026-05-20 00:43:48.922652
ef67241f8c224e298c41b46fa24bd49b,ChIJX-AZlfU5Yg0Rdh7p_Dmjtgs,THÜYA,"Av. la Rambla, 56, 03550 Sant Joan d'Alacant, Alicante, Spain",688 79 69 42,,10,13,4.5,1,tiendas_ropa,"San Juan Playa, Alicante",38.3988438,-0.434852,4,sin_contactar,,2026-05-20 00:43:50.025779,2026-05-20 00:43:50.025781
c3f59265a7ea4cb0bea9780e43037eda,ChIJSzZrl8w5Yg0RtyM0H96nmLQ,3yyy moda infantil San Juan,"Av. la Rambla, 52, 03550 San Joan, Alicante, Spain",966 38 98 96,,10,8,4.0,1,tiendas_ropa,"San Juan Playa, Alicante",38.3992503,-0.4350934,4,sin_contactar,,2026-05-20 00:43:50.300922,2026-05-20 00:43:50.300924
a0fca10147ce403aad4ee9c47f910c9c,ChIJWQ9roas5Yg0RTIwQbPDULt4,PopCove Baby Products,"Av. del Locutor Vicente Hipólito, 26, 03540 Alicante, Spain",632 06 17 72,https://snaploot123.myshopify.com/,0,0,,1,tiendas_ropa,"San Juan Playa, Alicante",38.3742689,-0.425959,4,sin_contactar,,2026-05-20 00:43:53.829509,2026-05-20 00:43:53.829513
8abc0b32f4554283b8b10c8af22215ff,ChIJ4yVD0KA7Yg0RcAUsTnQb3yw,CLAWtoWIN,"Carrer Pintor Gastón Castelló, 15, 03110 Mutxamel, Alicante, Spain",698 96 12 45,https://clawtowin.com/,0,0,,0,tiendas_ropa,"San Juan Playa, Alicante",38.409558,-0.442302,4,sin_contactar,,2026-05-20 00:43:54.116027,2026-05-20 00:43:54.116029
b7a18c00807144f9881e0082fc8db7f8,ChIJX9j2Iw85Yg0RBhs8StdUw58,TODO PLAYA ALICANTE,"Avinguda de la Costa Blanca, 125, 03540 Alacant, Alicante, Spain",617 49 29 80,,10,47,4.9,1,tiendas_ropa,"San Juan Playa, Alicante",38.3711547,-0.412291,4,sin_contactar,,2026-05-20 00:43:54.923427,2026-05-20 00:43:54.923430
050e2e70aef64e63b93b8bd4072eefa1,ChIJ54sIEF9VRQ0R6Y0O5jGZ6Jc,Marco Su Ropa Etiquetas Personalizadas,"Cam. Laderas de la font, N° 6, bungalow 6, 03550 Sant Joan d'Alacant, Alicante, Spain",649 35 93 58,https://marcosuropa.com/,2,4,3.5,1,tiendas_ropa,"San Juan Playa, Alicante",38.4201048,-0.4121648,4,sin_contactar,,2026-05-20 00:43:55.188797,2026-05-20 00:43:55.188799
36199b879bc7417bb14196607d6944d5,ChIJIyRLcKw5Yg0R3K_reTceGQw,Out door gym,"Av. Jaime I el Conquistador, 88, 03560 El Campello, Alicante, Spain",,,7,8,3.9,1,gimnasios,"San Juan Playa, Alicante",38.392626,-0.4072743,4,sin_contactar,,2026-05-20 00:44:05.368164,2026-05-20 00:44:05.368167
a402735b91d94a819f6a8e9dc750d3c6,ChIJTSi0mbs5Yg0R1xNOIOteU9E,El Local Centro de Entrenamiento,"Carrer Tomas Capelo, 26, 03550 Sant Joan d'Alacant, Alicante, Spain",613 56 30 02,,10,28,5.0,1,gimnasios,"San Juan Playa, Alicante",38.39866200000001,-0.4317351,4,sin_contactar,,2026-05-20 00:44:07.541000,2026-05-20 00:44:07.541003
152cfdef86c04450a3f69d01d1e764c0,ChIJPy4YS-U5Yg0RvxeaC8fYDsg,Centro de Yoga Pepa Aragón,"C/ Jaume I, 29, entreplanta B1, 03550 Sant Joan d'Alacant, Alicante, Spain",639 15 06 30,,10,19,5.0,1,gimnasios,"San Juan Playa, Alicante",38.3967061,-0.4336936,4,sin_contactar,,2026-05-20 00:44:08.956313,2026-05-20 00:44:08.956316
72743c11ae404f20aeff91d796050004,ChIJv6-Bdh45Yg0RF_P_ciAHzpg,Training Beach by iTRAINING,"Av. de Niza, 38, 03540 Alicante, Spain",623 53 52 34,https://www.grupoitraining.com/,0,0,,0,gimnasios,"San Juan Playa, Alicante",38.38330210000001,-0.4108583,4,sin_contactar,,2026-05-20 00:44:10.855161,2026-05-20 00:44:10.855163
8601bea3c39d4dd79aef1c1e44f07f80,ChIJSaDfmXI5Yg0RhD5JZbSfKrk,Bikram Yoga Spain Alicante,"Av. del Locutor Vicente Hipólito, 39, 03540 Alicante, Spain",966 27 54 80,https://www.bikramyogaspain.es/centros/alicante/,0,1,5.0,0,gimnasios,"San Juan Playa, Alicante",38.3766479,-0.4220279,4,sin_contactar,,2026-05-20 00:44:12.479696,2026-05-20 00:44:12.479701
a85eec0b5a0048ad81a8bcd647f448af,ChIJvXX-qws5Yg0RSHuE3ukEIv0,Pistas De Voley Playa Publicas,"Av. de Niza, 25B, 03540 Alicante, Spain",,,7,15,4.8,1,gimnasios,"San Juan Playa, Alicante",38.375796,-0.4097264,4,sin_contactar,,2026-05-20 00:44:13.844086,2026-05-20 00:44:13.844091
eada327991864d40955095abf8283e8c,ChIJ9Slkfqw7Yg0RN-Z0ljvf4QE,Clínica dental Ivorra & Giner,"Carrer Doctor San Miguel de Tarazona, 9, 03550 Sant Joan d'Alacant, Alicante, Spain",604 14 00 47,,10,23,5.0,1,clinicas_dentales,"San Juan Playa, Alicante",38.4009179,-0.4374736,4,sin_contactar,,2026-05-20 00:44:23.406609,2026-05-20 00:44:23.406612
cccb2a2e27d64d5587be72a554ee39dd,ChIJU0ClcHc5Yg0RYuwDp_24NDE,Restaurante Sevilla,"Avinguda d'Alacant, 6, 03560 El Campello, Alicante, Spain",965 65 00 85,,10,1247,4.1,1,restaurantes,"San Juan Playa, Alicante",38.3889157,-0.4101066,3,sin_contactar,,2026-05-20 00:43:09.648881,2026-05-20 00:43:09.648883
61616ecc2c8f40d78de40153704a28aa,ChIJhzCqRTE5Yg0R91j0Ps-mx60,QUOMA Moda,"Carrer Dr. Ivorra, 6, 03550 Sant Joan d'Alacant, Alicante, Spain",608 31 59 79,http://www.quomamoda.com/,7,1,5.0,0,tiendas_ropa,"San Juan Playa, Alicante",38.3979218,-0.4334293,3,sin_contactar,,2026-05-20 00:43:46.185069,2026-05-20 00:43:46.185072
33ac02b221e8400baa76613e62c629cd,ChIJFQrmKcc5Yg0RbLwv7AGQ2xQ,Juguete Rosa Sex Shop Online,"Av. la Rambla, 03550 Sant Joan d'Alacant, Alicante, Spain",693 82 34 82,https://www.jugueterosa.com/,10,0,,0,tiendas_ropa,"San Juan Playa, Alicante",38.3987918,-0.4345612,3,sin_contactar,,2026-05-20 00:43:49.757528,2026-05-20 00:43:49.757530
f7b4b8f3c073471b98cf984768f715d2,ChIJGwl3AB46Yg0RHVP2sdcD5Cc,VERDINEGRO Ropa Talla Grande Hombre (Online),"C. Canónigo Federico Sala, 2, 03550 Sant Joan d'Alacant, Alicante, Spain",965 94 75 16,http://www.verdinegro.com/,10,1,5.0,1,tiendas_ropa,"San Juan Playa, Alicante",38.400148,-0.4360756,3,sin_contactar,,2026-05-20 00:43:51.653828,2026-05-20 00:43:51.653830
0ff5403b77ba4e20be22e782d7366ad3,ChIJ8eV2Els5Yg0RVA2kSOFbCZw,AleYoga Alicante,"Avinguda de les Nacions, 30, 03540 Alacant, Alicante, Spain",,https://aleyoga.com/,6,1,5.0,1,gimnasios,"San Juan Playa, Alicante",38.3836998,-0.4189026,3,sin_contactar,,2026-05-20 00:44:09.221497,2026-05-20 00:44:09.221500
c267e9f54dc14ab2a3472877ee668c56,ChIJPx8wdxg5Yg0R4cK40zj8QnY,Total Body Pilates Pau 5,"Av. Artista Remigio Soler López, 2, 03540 Alicante, Spain",636 55 46 72,https://totalbodypilatesalicante.wordpress.com/,9,1,5.0,1,gimnasios,"San Juan Playa, Alicante",38.38201189999999,-0.4172311,3,sin_contactar,,2026-05-20 00:44:10.581560,2026-05-20 00:44:10.581565
6d33d260a72e4c9096b5051d8cdcb866,ChIJZagO6Mw7Yg0RhxmJCe3Gh_I,Total Body Pilates Sant Joan d'Alacant,"Rambla de la Libertad, 27, 03550 Sant Joan d'Alacant, Alicante, Spain",636 55 46 72,https://www.instagram.com/totalbodypilates/,8,2,5.0,1,gimnasios,"San Juan Playa, Alicante",38.4054802,-0.4370949,3,sin_contactar,,2026-05-20 00:44:11.663178,2026-05-20 00:44:11.663183
7d3c2211d8a946b6a4b3e00cb56448d0,ChIJCbGCVqg5Yg0R-2xm-0ES4ag,Alicante Yoga,"Av. de Niza, 03540 Alicante, Spain",651 97 93 77,https://www.instagram.com/alicante.yoga,10,2,5.0,1,gimnasios,"San Juan Playa, Alicante",38.3744978,-0.4103179,3,sin_contactar,,2026-05-20 00:44:14.384393,2026-05-20 00:44:14.384398
fc939a246e314c0ebc96a651e22c1e94,ChIJV-E7nUo5Yg0R2VXu2ep1I0U,Alba Health Lab,"Av. Bruselas, 17, Local 6, 03540 Alicante, Spain",641 11 90 22,https://www.albahealthlab.com/,9,4,5.0,1,gimnasios,"San Juan Playa, Alicante",38.3705326,-0.4169501,3,sin_contactar,,2026-05-20 00:44:15.747761,2026-05-20 00:44:15.747765
e5ef3c6b5fe4438c83df03994e46498a,ChIJuYvqfPQ5Yg0RChjL-bS-nxY,SUBTIL peluquería unisex,"Calle Dr. Jiménez Díaz, 03550 Sant Joan d'Alacant, Alicante, Spain",965 65 93 72,https://m.facebook.com/pages/category/Hair-Salon/Subtil-Peluquer%C3%ADa-Unisex-200159593408102/?locale2=es_ES,0,31,4.5,0,peluquerias,"San Juan Playa, Alicante",38.3953212,-0.4346887,2,sin_contactar,,2026-05-20 00:43:31.886497,2026-05-20 00:43:31.886500
34d8e0323a5e41dea1551ad31798b7fe,ChIJwc5ZuBI5Yg0R-T6GGZNGX_M,Asun modista,"Carrer Tomas Capelo, 24, 2A, 03550 Sant Joan d'Alacant, Alicante, Spain",664 88 54 28,https://creacionescleoyasun.wixsite.com/modista,0,145,5.0,1,tiendas_ropa,"San Juan Playa, Alicante",38.3986041,-0.4319255,2,sin_contactar,,2026-05-20 00:43:44.291016,2026-05-20 00:43:44.291019
6c8342c2c54f4f60a79c79e5c16f1ff2,ChIJGfy-GTI5Yg0RJ9F8SBU83Oc,Centro fitness Nueva Esparta,"Av. Elda, 18, 03550 Sant Joan d'Alacant, Alicante, Spain",671 24 83 10,http://centrofitnessnuevaesparta.es/,0,22,5.0,1,gimnasios,"San Juan Playa, Alicante",38.3925551,-0.4231983,2,sin_contactar,,2026-05-20 00:44:03.729635,2026-05-20 00:44:03.729637
6df3dced47334ac7b36c84cb42aad408,ChIJmyHiYvM5Yg0RHeXkfDiinM4,Avanze Pilates Studio,"C. Clara Campoamor, 12, casa 25, 03540 Alicante, Spain",666 51 91 68,https://www.avanzepilates-alicante.es/,2,9,4.6,1,gimnasios,"San Juan Playa, Alicante",38.3791772,-0.4265179,2,sin_contactar,,2026-05-20 00:44:11.933198,2026-05-20 00:44:11.933203
e3784b94488444f982e0631f62991ea7,ChIJq6qqqvowYg0RLxTTJdlPkiY,Moldental,"Carrer de la Delicia, 6, 03110 Mutxamel, Alicante, Spain",965 95 53 79,http://www.moldental.es/,0,15,3.9,1,clinicas_dentales,"San Juan Playa, Alicante",38.4062629,-0.4499946,2,sin_contactar,,2026-05-20 00:44:20.980765,2026-05-20 00:44:20.980768
a046b1c6b120488b949834b81c03d911,ChIJsca56A46Yg0R8uShkAzEfX8,Clínica Dental Esther Gómez,"Carrer Elx, 13, 03110 Mutxamel, Alicante, Spain",965 95 55 47,http://www.clinicadentalesthergomez.com/,1,64,4.5,1,clinicas_dentales,"San Juan Playa, Alicante",38.4105467,-0.4444331,2,sin_contactar,,2026-05-20 00:44:24.812680,2026-05-20 00:44:24.812683
c9d6df8b415645eebc5f5cdce4048e12,ChIJSzTcS8U7Yg0REAPXB7LSRrc,Restaurante Graná Abrasador,"Av. Jaime I el Conquistador, 46, 03560 El Campello, Alicante, Spain",965 65 78 39,https://restaurantegrana.es/,10,2021,4.5,1,restaurantes,"San Juan Playa, Alicante",38.4110503,-0.4021554,1,sin_contactar,,2026-05-20 00:42:57.572844,2026-05-20 00:42:57.572848
f47fa8775fce436a8ef64602d3d2564a,ChIJjbCFsKc5Yg0RhtqZ28-ZZ8M,Restaurante Los Pacos,"Av. Bruselas, 9, 03540 Alicante, Spain",965 16 42 13,https://restaurantelospacos.com/,10,1934,4.4,1,restaurantes,"San Juan Playa, Alicante",38.3705522,-0.4138397,1,sin_contactar,,2026-05-20 00:42:57.856119,2026-05-20 00:42:57.856122
eaa7c0f6b72e40f7b8c1be0d6019d42c,ChIJ65AOPXw5Yg0RB8HtTWgHzGU,Hostal Restaurante San Juan,"Av. Jaime I, 110, 03560 Playa Muchav, Alicante, Spain",965 65 23 08,http://www.hsanjuan.es/,10,920,3.9,0,restaurantes,"San Juan Playa, Alicante",38.3959386,-0.4071883,1,sin_contactar,,2026-05-20 00:42:58.153451,2026-05-20 00:42:58.153455
7841777d26a143edbc7609d35b027226,ChIJkd3yoso7Yg0R0iEyMhqEr4I,Restaurante Nan King,"Av. la Rambla, 33, 03550 Sant Joan d'Alacant, Alicante, Spain",965 16 59 27,https://h5.clewm.net/?url=qr61.cn%2Focx4PG%2FqsB2cuH&lid=kprbvq7vztpt83dz9&rlid=kprbvq7vztpt83dz9,10,919,4.1,1,restaurantes,"San Juan Playa, Alicante",38.3998706,-0.4348709,1,sin_contactar,,2026-05-20 00:42:58.713573,2026-05-20 00:42:58.713576
3f812d583ed9440eb6e5161357a1070a,ChIJU_sfuPU5Yg0RtmZpqizsWmw,Cervecería los Hierros,"Plaça José Sala, 2, 03550 Sant Joan d'Alacant, Alicante, Spain",965 94 04 09,http://www.cervecerialoshierros.es/,10,968,4.3,1,restaurantes,"San Juan Playa, Alicante",38.3981938,-0.4342089,1,sin_contactar,,2026-05-20 00:42:59.000834,2026-05-20 00:42:59.000836
d49b769b031e45499691e0f983314baa,ChIJc4-PEB46Yg0RJM0_KC5kcOM,Restaurante La Amstelería,"Av. la Rambla, 11, 03550 Sant Joan d'Alacant, Alicante, Spain",965 65 36 13,https://laamsteleria.es/,10,1622,4.1,1,restaurantes,"San Juan Playa, Alicante",38.4007695,-0.4352147,1,sin_contactar,,2026-05-20 00:42:59.288324,2026-05-20 00:42:59.288327
8adfd8f529dc45eba4ba38d70d4b3c95,ChIJE2GGa_Q5Yg0RidsChTDk8EM,Supermercado Dialprix,"Calle Dr. Jiménez Díaz, 1, 03550 Sant Joan d'Alacant, Alicante, Spain",965 65 08 18,https://dialprix.es/centro/supermercado-dialprix-san-juan-de-alicante-calle-doctor-jimenez-diaz-1/?utm_source=G&utm_medium=Local&utm_campaign=Google-Local,10,49,3.6,1,restaurantes,"San Juan Playa, Alicante",38.3953517,-0.4342983,1,sin_contactar,,2026-05-20 00:42:59.561887,2026-05-20 00:42:59.561890
ff30bae80afc4366a50da4edbad4e652,ChIJXzq8M9Y7Yg0RbX4dUWeTVW4,Casa Planes,"C/ Jaume I, 8, 03550 Sant Joan d'Alacant, Alicante, Spain",965 65 28 56,https://www.casaplanes.com/,7,17,4.8,1,restaurantes,"San Juan Playa, Alicante",38.3977885,-0.4344774,1,sin_contactar,,2026-05-20 00:42:59.834897,2026-05-20 00:42:59.834899
f6088a54c3324d10a7358eda5f8d13cb,ChIJpXC0ZYo5Yg0RAZD0Ml4kbz0,KFC,"Area comercial Ana, N-332, s/n, 03550 Alicante, Spain",965 65 10 86,https://www.kfc.es/encuentra-tu-kfc/kfc-san-juan-de-alicante/,10,2829,3.8,0,restaurantes,"San Juan Playa, Alicante",38.399112,-0.4283387,1,sin_contactar,,2026-05-20 00:43:00.117087,2026-05-20 00:43:00.117090
78faed6d9b4444f49ab33d605d2433e9,ChIJdb2Vlnc5Yg0RP2PbuFsqbZY,Restaurante Bones Tapes,"Carrer de Juan de la Cierva, 37, 03560 El Campello, Alicante, Spain",965 93 96 46,https://www.facebook.com/bones-tapes,10,517,3.8,1,restaurantes,"San Juan Playa, Alicante",38.3884439,-0.4109645,1,sin_contactar,,2026-05-20 00:43:00.405826,2026-05-20 00:43:00.405829
9363b8ef793f418facea1cabee0c2551,ChIJP5OjHbs7Yg0RfD0IE8CjUEo,Supermercados Dia,"Carrer de Juan de la Cierva, 43, 03560 El Campello, Alicante, Spain",912 17 04 53,https://www.dia.es/,10,509,3.9,1,restaurantes,"San Juan Playa, Alicante",38.3876566,-0.4109707,1,sin_contactar,,2026-05-20 00:43:00.682548,2026-05-20 00:43:00.682551
3f8ad35a0999449e9e2c9a059d0e7762,ChIJWW8oOvM5Yg0R0q6vtr8C3dE,La Taberna del Mar,"Carrer Benimagrell, 28, 03550 Sant Joan d'Alacant, Alicante, Spain",678 93 91 36,http://www.latabernadelmar.es/,10,1054,4.3,1,restaurantes,"San Juan Playa, Alicante",38.3932587,-0.4323763,1,sin_contactar,,2026-05-20 00:43:00.956706,2026-05-20 00:43:00.956709
dd206b5213064b2c96212427fc04b294,ChIJ05owApw5Yg0R5D8-ZYIZ7PM,Jaipur tandoori restaurante,"Maestro José Garberí Serrano, 13, 03540 Alicante, Spain",965 77 65 47,https://mybakarta.com/depastasomos,10,498,4.2,1,restaurantes,"San Juan Playa, Alicante",38.3843136,-0.4171608,1,sin_contactar,,2026-05-20 00:43:01.234927,2026-05-20 00:43:01.234929
a85cea8048624ea09a78f3be6cb7a601,ChIJT1jwUPQ5Yg0RWW_CKBVwonc,Al plato vendrás,"C/ Jaume I, 24, 03550 Sant Joan d'Alacant, Alicante, Spain",694 46 76 73,https://www.facebook.com/alplatovendras,10,599,4.2,1,restaurantes,"San Juan Playa, Alicante",38.39694,-0.43403,1,sin_contactar,,2026-05-20 00:43:01.517874,2026-05-20 00:43:01.517876
60dcf5c7bc9b41a8a6a8df5cbd975140,ChIJh__TbPQ5Yg0R9SaX0cf_B5w,Cervecería La Llar,"Calle Dr. Jiménez Díaz, 2, 03550 Sant Joan d'Alacant, Alicante, Spain",966 38 90 68,http://www.cervecerialallar.es/,10,478,4.6,1,restaurantes,"San Juan Playa, Alicante",38.395612,-0.4348913,1,sin_contactar,,2026-05-20 00:43:02.078456,2026-05-20 00:43:02.078458
acd366ff67bf4372a87efdb6b9db468a,ChIJowJbM_Q5Yg0RJ0sr-goHON0,Asador El Botxo,"C/ Carmen, 51, 03550 Sant Joan d'Alacant, Alicante, Spain",965 94 16 82,https://www.facebook.com/Asador-El-Botxo-149862198398202/,10,306,4.6,1,restaurantes,"San Juan Playa, Alicante",38.3972335,-0.4350677,1,sin_contactar,,2026-05-20 00:43:02.910153,2026-05-20 00:43:02.910156
4a48469fd3e748e58c9ceba212751c7d,ChIJ0aSLmxw6Yg0RBUA7s3-C6j4,Dia,"C. Cervantes, 21, 03550 Sant Joan d'Alacant, Alicante, Spain",912 17 04 53,https://www.dia.es/,10,520,3.8,1,restaurantes,"San Juan Playa, Alicante",38.40483649999999,-0.4394603,1,sin_contactar,,2026-05-20 00:43:03.463195,2026-05-20 00:43:03.463198
5dd377e2affa4e09aafea34f4d3ba517,ChIJd9zUKr05Yg0RNIeyoryZO6c,Ristorante Simone,"Av. del Locutor Vicente Hipólito, 39, 03550 Alicante, Spain",966 14 51 48,http://www.restaurantesimone.com/,10,866,4.3,1,restaurantes,"San Juan Playa, Alicante",38.3766173,-0.4220308,1,sin_contactar,,2026-05-20 00:43:03.751944,2026-05-20 00:43:03.751947
787879cdbca94a1eb608e6eaac1b8517,ChIJY3H0i6Q5Yg0Ram1UYQk1SqE,Laseda Gastro Village Alicante,"Av. del Locutor Vicente Hipólito, 39, 03540 Alicante, Spain",664 66 48 94,https://lasedagastro.com/,10,501,4.0,1,restaurantes,"San Juan Playa, Alicante",38.3764899,-0.4217368,1,sin_contactar,,2026-05-20 00:43:04.032741,2026-05-20 00:43:04.032744
69f1650dffe842a3a546fdbedafc5b7e,ChIJk6qqqiY6Yg0RfOXVnk3HP1E,Restaurante El Jolivert,"Avinguda Mutxamel, 24, 03550 Sant Joan d'Alacant, Alicante, Spain",965 94 36 28,https://www.facebook.com/eljolivert/,10,877,4.2,1,restaurantes,"San Juan Playa, Alicante",38.407392,-0.4399557,1,sin_contactar,,2026-05-20 00:43:04.311134,2026-05-20 00:43:04.311137
cd58f695fa4948c19d80f13193525418,ChIJwXGthM47Yg0RxiQYlppZwhs,Escuela de Cocina La Font,"Carrer Font del Realet, 13, 03550 Sant Joan d'Alacant, Alicante, Spain",965 65 64 87,http://www.escueladecocinalafont.com/,10,253,4.7,1,restaurantes,"San Juan Playa, Alicante",38.4142123,-0.4083935,1,sin_contactar,,2026-05-20 00:43:04.586216,2026-05-20 00:43:04.586219
272aaae4426d46ecaa4d91d44e2bfe9c,ChIJxbiVR6M5Yg0RAlSgKIs6OnM,El Olivo restaurant,"Carrer Escultor José Gutierrez, 21, 03540 Alacant, Alicante, Spain",647 77 22 88,https://www.hotelalicantegolf.com/gastro-club,10,262,4.2,1,restaurantes,"San Juan Playa, Alicante",38.37405529999999,-0.4217214,1,sin_contactar,,2026-05-20 00:43:04.858447,2026-05-20 00:43:04.858450
3abd8411e0704881b4a4164d2eb6c9a6,ChIJk_GzLvU5Yg0RSRaDtdNjuAY,Restaurante La Quintería,"Calle del, Calle Dr. Gadea, 17, LOC, 03550 Sant Joan d'Alacant, Alicante, Spain",965 65 22 94,https://restaurantelaquinteria.es/,10,1050,4.8,1,restaurantes,"San Juan Playa, Alicante",38.3978034,-0.4316124,1,sin_contactar,,2026-05-20 00:43:05.138959,2026-05-20 00:43:05.138962
f7adc45c852544b7940aba5e238714f4,ChIJ___TSKc5Yg0REi9rCbG3xAA,Bodega Pulpería Cataviños,"Av. Países Escandinavos, 8, local 41, 03540 Alicante, Spain",619 00 90 57,http://www.pulperiacatavinos.com/,10,823,4.7,1,restaurantes,"San Juan Playa, Alicante",38.37317,-0.41365,1,sin_contactar,,2026-05-20 00:43:05.408225,2026-05-20 00:43:05.408228
b573a7e70abd4cceb9c53f22ccfbf4a4,ChIJ0S8Lmwk5Yg0R4sg8By9NnrE,Burger King,"Av. de Niza, 18, 03540 Alicante, Spain",616 47 56 89,https://www.burgerking.es/home?utm_source=gmb&utm_medium=local_seo_home&utm_campaign=tracking_seo,10,2611,3.2,1,restaurantes,"San Juan Playa, Alicante",38.3729385,-0.4106678,1,sin_contactar,,2026-05-20 00:43:05.682974,2026-05-20 00:43:05.682977
44c71cf65a7c411abc31e0a9e44a129f,ChIJRbpLhA86Yg0RlKSrs435mtU,Restaurante bar Brisa,"Av. de Alicante, 6, 03110 Mutxamel, Alicante, Spain",965 95 15 48,https://restaurantebarbrisa.shop/,10,1077,4.2,1,restaurantes,"San Juan Playa, Alicante",38.4109594,-0.4429223,1,sin_contactar,,2026-05-20 00:43:06.234403,2026-05-20 00:43:06.234406
cafc9dfae67b4679b56adaafcbe2026b,ChIJXb_neaY5Yg0RoGKsY2DZ-XE,Restaurante Johanna,"Av. Bruselas, 17, 03540 Alicante, Spain",965 15 39 31,https://www.restaurantejohanna.es/,10,665,4.2,1,restaurantes,"San Juan Playa, Alicante",38.3705299,-0.4169872,1,sin_contactar,,2026-05-20 00:43:06.516896,2026-05-20 00:43:06.516900
19b3d08d3bd445659cf6f8789b60a55d,ChIJFTkpwfQ5Yg0RJuE1bJe3938,Sis Cuines,"C. del Notario Salvador Montesinos Bonet, 8, local 6, 03550 Sant Joan d'Alacant, Alicante, Spain",965 94 18 18,https://siscuines.eatbu.com/,10,860,4.4,1,restaurantes,"San Juan Playa, Alicante",38.3964456,-0.4317595,1,sin_contactar,,2026-05-20 00:43:06.787263,2026-05-20 00:43:06.787266
7e34dbfeaeea47b6b071c04954a2455c,ChIJgY_bOac5Yg0RmDvzsErI9pY,Parrilla Lanus,"Av. Países Escandinavos, 8, Local 52, 03540 Alicante, Spain",965 16 51 94,https://parrillalanus.com/,10,1291,4.5,1,restaurantes,"San Juan Playa, Alicante",38.3732078,-0.4133163,1,sin_contactar,,2026-05-20 00:43:07.057934,2026-05-20 00:43:07.057937
130ed6b10d17490d966cb4fba20b2dd6,ChIJN-0Po6c5Yg0Rhv-aMTEKI6c,LA BARRA DE PACO,"Av. Bruselas, 9, Local 19, 03540 Alicante, Spain",965 26 27 56,https://restaurantelospacos.com/,10,1024,4.6,1,restaurantes,"San Juan Playa, Alicante",38.3706426,-0.4138229,1,sin_contactar,,2026-05-20 00:43:07.338105,2026-05-20 00:43:07.338108
06e6945ef9a74b5581a26e0350214292,ChIJY1tkwr05Yg0Rx1BsLXMbg08,Pizzeria Popeye Playa de San Juan,"Av. Santander, Nº 21, 03540 Alicante, Spain",965 15 40 05,http://www.pizzeriapopeyeplayadesanjuan.es/,10,1467,4.3,1,restaurantes,"San Juan Playa, Alicante",38.370085,-0.414487,1,sin_contactar,,2026-05-20 00:43:07.611738,2026-05-20 00:43:07.611741
552ca26992e24e75adf146eb021df341,ChIJse2lVoM5Yg0RGbCb6P-FidA,La Vaquería Mediterránea,"Ctra. Benimagrell, 52, 03560 El Campello, Alicante, Spain",965 94 03 23,https://vaqueriamediterranea.com/,10,3547,4.6,1,restaurantes,"San Juan Playa, Alicante",38.389924,-0.416976,1,sin_contactar,,2026-05-20 00:43:07.884761,2026-05-20 00:43:07.884764
fdb998a59fa64763a5c6b6275f5822c6,ChIJi1dvLOMwYg0RViufTfXgsAE,Bar Simón,"Carrer Mare de Déu del Pilar, 87, 03110 Mutxamel, Alicante, Spain",965 95 24 61,https://www.facebook.com/share/1BseschSVe/,10,569,4.2,1,restaurantes,"San Juan Playa, Alicante",38.4137686,-0.4430459,1,sin_contactar,,2026-05-20 00:43:09.089336,2026-05-20 00:43:09.089338
b956cf7ab920414e95b8c1c8d9960239,ChIJvdsYSMU7Yg0RRdK0UnWC0zI,Restaurante Pizzería la Vela,"Av. Jaime I el Conquistador, 44, 03560 El Campello, Alicante, Spain",965 65 04 10,http://restaurantelavela.es/,10,1367,4.5,1,restaurantes,"San Juan Playa, Alicante",38.411805,-0.4018942,1,sin_contactar,,2026-05-20 00:43:09.376420,2026-05-20 00:43:09.376423
6b4de288dce547f18ebead9a950e022e,ChIJ-xtHuvU5Yg0RUr1-_Rc49lU,Telepizza,"Avinguda Mutxamel, 1, 03550 Sant Joan d'Alacant, Alicante, Spain",965 65 53 62,https://www.telepizza.es/?utm_source=google&utm_medium=organic&utm_campaign=gbp,10,476,3.6,1,restaurantes,"San Juan Playa, Alicante",38.4054443,-0.4394723,1,sin_contactar,,2026-05-20 00:43:09.928452,2026-05-20 00:43:09.928455
6986983ed7884b53a42f1b84f355b6ca,ChIJudDLFAg5Yg0RtuU9JNqXjJ4,El Pollo Pancho Playa de San Juan,"C. Londres, 03540 Alicante, Spain",965 16 00 54,http://www.facebok.com/pollopanchosanjuan,10,291,3.9,1,restaurantes,"San Juan Playa, Alicante",38.3696116,-0.4114922,1,sin_contactar,,2026-05-20 00:43:10.201902,2026-05-20 00:43:10.201905
463019dfe9294729a824cd55042bc860,ChIJ8cwFj485Yg0R8oWdRALI0OA,"Restaurante Mi Casa, San Juan de Alicante","Avinguda de Creuetes, 1, 03550 Alacant, Alicante, Spain",965 65 51 87,http://www.restaurantemicasa.es/,10,4794,4.3,1,restaurantes,"San Juan Playa, Alicante",38.3922612,-0.4229028,1,sin_contactar,,2026-05-20 00:43:10.745155,2026-05-20 00:43:10.745157
9ecc0e641df94d82a317f81365debad3,ChIJ09kIsQg6Yg0Rap9DJEVNVrI,Pizzeria Popeye,"Carrer Dolores, 22, 03110 Mutxamel, Alicante, Spain",966 38 99 00,https://www.pizzeriapopeye.es/,10,262,4.0,1,restaurantes,"San Juan Playa, Alicante",38.4119513,-0.445929,1,sin_contactar,,2026-05-20 00:43:11.020102,2026-05-20 00:43:11.020106
adb18c94f40841b980cd6c2e7ac386ba,ChIJIQDYiTA6Yg0R7bgJouK3lmY,RESTAURANTE YAHO San Juan de Alicante,"N-332, KM. 80, 03550 Sant Joan d'Alacant, Alicante, Spain",965 65 98 75,https://restaurante-yaho-san-juan-de-alicante.negocio.site/,10,2757,4.2,1,restaurantes,"San Juan Playa, Alicante",38.4131788,-0.4214285,1,sin_contactar,,2026-05-20 00:43:11.293653,2026-05-20 00:43:11.293656
f6e35811c51342b9b1d68530f4ca9e02,ChIJt7cZncI5Yg0RYwVSsYvhhpM,Torre de Rejas,"Cmo. de Benimagrell, 47, 03559 Alicante, Spain",965 26 26 31,http://www.torredereixes.com/,10,1987,4.6,1,restaurantes,"San Juan Playa, Alicante",38.3790513,-0.4391578,1,sin_contactar,,2026-05-20 00:43:11.561037,2026-05-20 00:43:11.561040
0bcdc622eb2e45989a7f592f22e73aef,ChIJszMp8PM5Yg0RvdS6aw7QfeU,Complex Sant Joan (Grup PSN),"Calle Dr. Perez Mateos, 2, 03550 Sant Joan d'Alacant, Alicante, Spain",965 94 20 50,http://www.complejosanjuan.com/,10,1778,4.5,0,restaurantes,"San Juan Playa, Alicante",38.3941815,-0.4366821,1,sin_contactar,,2026-05-20 00:43:11.835750,2026-05-20 00:43:11.835753
cbe8f905ec0a433999913ed06d3d7aaf,ChIJ5a7LmCQ6Yg0RJFlBSM2u53k,Restaurante La Parrilla del Poli (Sant Joan d'Alacant),"Carrer Sant Antoni, 145, 03550 Sant Joan d'Alacant, Alicante, Spain",865 68 30 77,https://laparrilladelpolirestaurante.es/,10,552,4.0,1,restaurantes,"San Juan Playa, Alicante",38.4094774,-0.4262147,1,sin_contactar,,2026-05-20 00:43:12.110632,2026-05-20 00:43:12.110634
1af82808f9ac44a688350bd69aff0b1e,ChIJt2ocvVg3Yg0RIxkQ6_3BO1w,Restaurant Casa Yong,"C. Hogar Provincial, 1, 03559 Alicante, Spain",965 26 36 50,https://drive.google.com/drive/folders/1-3RFI3WRId_1TesZX7WIKDi5vQ8KZ93P,10,2672,4.2,1,restaurantes,"San Juan Playa, Alicante",38.3850664,-0.4505869,1,sin_contactar,,2026-05-20 00:43:12.390324,2026-05-20 00:43:12.390327
5112bca6e0d8447aa6328ab5fbe35124,ChIJyyLCufA5Yg0Rdb_vMk1dm-g,El Patio de San Juan,"Av. de Alicante, 51, 03550 Sant Joan d'Alacant, Alicante, Spain",965 65 68 00,https://elpatiodesantjoan.com/,10,822,4.0,1,restaurantes,"San Juan Playa, Alicante",38.3939415,-0.4396221,1,sin_contactar,,2026-05-20 00:43:12.931745,2026-05-20 00:43:12.931747
cd52ad519766405fade3fd54afc4df1a,ChIJU7gCHB46Yg0RDFBjxmswyPg,BAR LA RAMBLA,"Av. la Rambla, 62, 03550 Sant Joan d'Alacant, Alicante, Spain",965 65 18 04,http://www.barlarambla.es/,10,705,4.1,1,restaurantes,"San Juan Playa, Alicante",38.3985575,-0.4348578,1,sin_contactar,,2026-05-20 00:43:13.479297,2026-05-20 00:43:13.479300
a530342852b54505a83515810fe18146,ChIJqRZ8RYA5Yg0Rwf8YefES_dE,Guap@ Peluquería y Belleza,"Av. del Fabraquer, 38, LOCAL, 03560 El Campello, Alicante, Spain",965 65 82 53,https://guapapeluqueria.com/,10,144,4.8,1,peluquerias,"San Juan Playa, Alicante",38.3980708,-0.4138207,1,sin_contactar,,2026-05-20 00:43:18.741812,2026-05-20 00:43:18.741815
3ba90718702945e2a792bbb63e427487,ChIJVSISpPU5Yg0R4ba2YTQcojM,Peluqueria Low Cost,"Alacant, pueblo, Carrer Tomas Capelo, 1B, n 3, 03550 Sant Joan d'Alacant, Alicante, Spain",613 84 66 55,https://peluqueriaslowcost.com/,10,393,4.1,1,peluquerias,"San Juan Playa, Alicante",38.3983437,-0.4340821,1,sin_contactar,,2026-05-20 00:43:19.013651,2026-05-20 00:43:19.013654
5805130ca3364525a19ae822d4f9546f,ChIJZV-yBPQ5Yg0Rev-rYp84BiE,Costazul peluqueros UNISEX,"Carrer Dr. Severo Ochoa, 10, 03550 Sant Joan d'Alacant, Alicante, Spain",605 00 96 89,https://www.facebook.com/costazulpeluqueros/,5,38,4.6,1,peluquerias,"San Juan Playa, Alicante",38.3956274,-0.4352142,1,sin_contactar,,2026-05-20 00:43:19.571244,2026-05-20 00:43:19.571247
dfa0f0b242474e84bb6c4f17b42830cc,ChIJ5SzZzR06Yg0RF00Les88jys,DavidDanielle Hair Beauty,"Av. de Miguel Hernández, 23, local 3, 03550 Sant Joan d'Alacant, Alicante, Spain",965 65 77 87,http://www.daviddanielle.es/,10,504,4.7,1,peluquerias,"San Juan Playa, Alicante",38.3899384,-0.4349489,1,sin_contactar,,2026-05-20 00:43:19.845128,2026-05-20 00:43:19.845131
8f26d179500a411fa5d1695ac41b3b9f,ChIJqWtVSKc5Yg0R2gVls2FrxoM,NIEVES SANCHEZ PELUQUEROS ESTILISTAS,"Av. Países Escandinavos, 8, Loc 42, 03540 Alacant, Alicante, Spain",965 15 56 59,http://www.nievesanchezestilistas.com/,10,92,4.6,1,peluquerias,"San Juan Playa, Alicante",38.3732263,-0.4134637,1,sin_contactar,,2026-05-20 00:43:20.393662,2026-05-20 00:43:20.393665
bb606f1227fb4d4d898ba529f7f10f49,ChIJnUicqac5Yg0RgnzqxFDxQG0,Mimadog,"Av. Santander, 25, local 61, 03540 Alicante, Spain",965 26 70 63,http://peluqueríacaninamimadog.com/?utm_source=gmb&utm_medium=referral,10,30,5.0,1,peluquerias,"San Juan Playa, Alicante",38.372609,-0.4148064,1,sin_contactar,,2026-05-20 00:43:20.668163,2026-05-20 00:43:20.668166
599b65d33ad0428289734aedbbd732aa,ChIJp63xxac5Yg0Rjj5SoJtTaHw,Santana Peluqueros (Alicante),"C.C. Garden, Av. Santander, 25, Local 40, 03540 Alicante, Spain",865 64 52 88,http://www.santanapeluqueros.com/,10,143,4.8,1,peluquerias,"San Juan Playa, Alicante",38.3717414,-0.4148452,1,sin_contactar,,2026-05-20 00:43:20.946948,2026-05-20 00:43:20.946951
a6ed590af9e84e23a7ccf3e9d3d6353a,ChIJmzbn5qA5Yg0RcL2LBMYGOZA,Peluquería Jesús Ferve,"Av. Santander, 21, 03540 Alicante, Spain",965 15 54 88,https://jesusferve.com/,10,72,4.5,1,peluquerias,"San Juan Playa, Alicante",38.370359,-0.4144249,1,sin_contactar,,2026-05-20 00:43:21.492594,2026-05-20 00:43:21.492597
4fad33f1633e4a5ab1bf3acc03f0370a,ChIJGfO1Rw46Yg0RqBD27j3VMgI,Javier Gallego Peluqueria Masculina ~ Barbershop,"C/ del Mar, 44, 03110 Mutxamel, Alicante, Spain",965 95 62 74,https://booksy.com/es-es/858_javier-gallego-peluqueria-masculina-barbershop_barberia_55555_urbanizacion-l-entredos#ba_s=seo,10,181,4.6,1,peluquerias,"San Juan Playa, Alicante",38.4142301,-0.4411792,1,sin_contactar,,2026-05-20 00:43:21.784442,2026-05-20 00:43:21.784445
f9dc987c712941adbdb3dc87aa8a914c,ChIJr0DFgj85Yg0Rj3BEZQ2Rqfw,Método Paz Vidal | Maderoterapia y tratamientos estéticos en Alicante,"Maestro José Garberí Serrano, 16, 03540 Alicante, Spain",647 20 41 09,https://metodopazvidal.es/,4,5,5.0,1,peluquerias,"San Juan Playa, Alicante",38.3865711,-0.418067,1,sin_contactar,,2026-05-20 00:43:22.601716,2026-05-20 00:43:22.601719
452dafbc191249bfad6695d0aa6b008a,ChIJry4QILA5Yg0RL0wmOzctxW0,Oh my Cut! Maestro José Garberí Serrano,"Maestro José Garberí Serrano, 14, local 3-4, 03540 San Juan, Alicante, Spain",865 94 17 26,https://ohmycut.com/pages/salones?&utm_source=gmb&utm_medium=organic&utm_campaign=gmb&utm_term=q1,8,108,4.1,1,peluquerias,"San Juan Playa, Alicante",38.3861292,-0.4175827,1,sin_contactar,,2026-05-20 00:43:23.146835,2026-05-20 00:43:23.146838
4de4d7de44114b0386d723d49bfd41b7,ChIJKclJBNM5Yg0RaOQ6dDYweJc,Barber Studio 20,"Maestro José Garberí Serrano, n14, local 20, 03540 Alicante, Spain",638 37 71 40,https://barberstudio20.com/,10,186,4.8,1,peluquerias,"San Juan Playa, Alicante",38.385431,-0.4167125,1,sin_contactar,,2026-05-20 00:43:24.763622,2026-05-20 00:43:24.763625
63012effe401443abc0df5e65b915054,ChIJVWSYgOI7Yg0RIvbl55Ymh8M,Los soberanos barbería,"Avinguda de la Diagonal, local 3, 03550 Sant Joan d'Alacant, Alicante, Spain",653 02 06 78,https://lossoberanos.es/,10,89,4.9,1,peluquerias,"San Juan Playa, Alicante",38.3977673,-0.4318047,1,sin_contactar,,2026-05-20 00:43:25.034533,2026-05-20 00:43:25.034536
8024e433a3f6425ab210c3bb342aacc3,ChIJR7wam0c5Yg0RfRHW3YNbIzI,Peluquería Frecuencia km11,"Ctra. Benimagrell, 11, 03560 El Campello, Alicante, Spain",636 05 61 10,https://linktr.ee/kmfrecuencia,10,164,4.8,1,peluquerias,"San Juan Playa, Alicante",38.3872677,-0.4109534,1,sin_contactar,,2026-05-20 00:43:25.303609,2026-05-20 00:43:25.303612
c4ba0800e5d4404a98716c3ccb64463e,ChIJ5wIqeEY5Yg0RdO_drWRzHS8,Sapphira Privé – Beauty Salon in Alicante,"Avinguda de la Diagonal, 4, Bajo, 03550 Sant Joan d'Alacant, Alicante, Spain",865 55 13 54,https://sapphiraprive-sanjuandealicante.framer.website/,10,64,5.0,1,peluquerias,"San Juan Playa, Alicante",38.3979737,-0.432542,1,sin_contactar,,2026-05-20 00:43:26.500166,2026-05-20 00:43:26.500168
5899766a4566405da74a02aa00a0dd2b,ChIJzXZwUMo5Yg0RNqa17IyLHsM,Barbershop Sebastian,"Avinguda de la Diagonal, 1, 03550 sant joan, Alicante, Spain",657 18 15 18,https://www.instagram.com/accounts/login/?next=/barbershop.sebastian/,4,39,4.4,1,peluquerias,"San Juan Playa, Alicante",38.3983569,-0.4328865,1,sin_contactar,,2026-05-20 00:43:27.554866,2026-05-20 00:43:27.554869
ffd06580732842649f9a42d73c9026cf,ChIJHyQz8uE5Yg0RrbadxotLWAs,Enma Lugar de Belleza,"Calle Dr. Gadea, 3, 03550 Sant Joan d'Alacant, Alicante, Spain",611 24 09 37,https://www.emmalugardebelleza.com/es/,10,123,4.9,1,peluquerias,"San Juan Playa, Alicante",38.3973426,-0.433933,1,sin_contactar,,2026-05-20 00:43:30.259075,2026-05-20 00:43:30.259078
7af584feba1549a28daf377740477627,ChIJPdXshqo5Yg0RI1-PkTTTGjA,Look Barber San Juan,"C/ Jaume I, 20, 03550 Sant Joan d'Alacant, Alicante, Spain",677 78 46 54,https://lookbarber.es/,4,45,4.8,1,peluquerias,"San Juan Playa, Alicante",38.3970318,-0.4342198,1,sin_contactar,,2026-05-20 00:43:31.076007,2026-05-20 00:43:31.076009
3b77f700d575481598b44d632e44ddbf,ChIJqyi8kfY5Yg0RZBdsK-lbVu4,Santiago,"Frente Entrada Al Mercado, Carrer del Mercat, 19, Local 4, 03550 Sant Joan d'Alacant, Alicante, Spain",965 65 46 33,https://g.page/peluqueriadecaballerossantiago,10,111,4.9,1,peluquerias,"San Juan Playa, Alicante",38.3995283,-0.4334918,1,sin_contactar,,2026-05-20 00:43:31.344297,2026-05-20 00:43:31.344299
85088cbe6c73453da572f3c8ef4d73cb,ChIJnSWQfWI7Yg0Rz3y2dB0GXDY,Natalia Finch peluqueria unisex,"Carrer el Pinós, 9, 03560 Fabraquer, Alicante, Spain",966 39 55 67,https://nataliafinch.com/,10,117,4.8,1,peluquerias,"San Juan Playa, Alicante",38.40390540000001,-0.4062558,1,sin_contactar,,2026-05-20 00:43:32.723655,2026-05-20 00:43:32.723658
9bcd678fdedc466e9b05d063780c3164,ChIJqwBsNx87Yg0R-W7pxF-KkBc,El pisito barbershop,"Carrer del Pintor Manuel Baeza Gómez, 21, 03550 Sant Joan d'Alacant, Alicante, Spain",601 22 42 54,http://www.elpisitobarbershop.es/,10,120,5.0,1,peluquerias,"San Juan Playa, Alicante",38.40074300000001,-0.4341125,1,sin_contactar,,2026-05-20 00:43:32.995354,2026-05-20 00:43:32.995357
6c2c8b39cf504cd3b70db7a94f60e151,ChIJl5406Zg7Yg0RzdJ1Xmnd0Co,Mirian Elizabeth Nails,"Carrer del Pintor Manuel Baeza Gómez, 15, 03550 Sant Joan d'Alacant, Alicante, Spain",656 35 11 07,https://menails.my.canva.site/,10,80,4.9,1,peluquerias,"San Juan Playa, Alicante",38.400644,-0.4344236,1,sin_contactar,,2026-05-20 00:43:34.100111,2026-05-20 00:43:34.100113
76f1f432bd824f86bc46fa2aab675b7d,ChIJjR_yzJA5Yg0Rg_s7NyLwTbA,Apolo Edición Barbería,"C. del Mosén Pedro Mena, 20, local 5, 03550 Sant Joan d'Alacant, Alicante, Spain",678 84 28 64,https://apoloedicionbarberia.com/,10,53,4.9,1,peluquerias,"San Juan Playa, Alicante",38.3979101,-0.4361433,1,sin_contactar,,2026-05-20 00:43:35.186992,2026-05-20 00:43:35.186994
4d0ee0bca47144a3b7c5410434fa772d,ChIJH9CkMIs5Yg0RBYHNFeNDll4,Kiabi,"Área Comercial Ana, N-332, s/n, Locales B, C1, 03550 Sant Joan d'Alacant, Alicante, Spain",965 65 76 61,https://www.kiabi.es/tienda/kiabi-SAN-JUAN-DE-ALI_FMALICM,10,744,4.0,1,tiendas_ropa,"San Juan Playa, Alicante",38.3990175,-0.4281005,1,sin_contactar,,2026-05-20 00:43:40.199012,2026-05-20 00:43:40.199015
b8ee50d451f741f2b452854a36a9393d,ChIJj1g0_vQ5Yg0RH_WEjhCytvg,Menudets Moda Infantil,"Calle Dr. Gadea, 5, 03550 Sant Joan d'Alacant, Alicante, Spain",965 65 85 46,https://es-la.facebook.com/pages/Menudets-Moda-Infantil/109031952518114,10,32,4.2,1,tiendas_ropa,"San Juan Playa, Alicante",38.3973521,-0.43356,1,sin_contactar,,2026-05-20 00:43:41.021047,2026-05-20 00:43:41.021050
decfe970048c4bac8d479d114cc60c86,ChIJ6TzVVvQ5Yg0R7uqdAFyjpj0,Druni Perfumerías ®,"C/ Jaume I, 27, 03550 Sant Joan d'Alacant, Alicante, Spain",677 58 80 51,https://www.druni.es/?utm_campaign=localistico&utm_medium=91&utm_source=google_gmb,9,230,4.2,1,gimnasios,"San Juan Playa, Alicante",38.39693,-0.43387,1,sin_contactar,,2026-05-20 00:43:41.289234,2026-05-20 00:44:02.612603
c30f9cc5ff364415b9a100a82373830c,ChIJuxlRXRw6Yg0RNSI7xq7mg3s,DonDeporte | dondeporte.com,"Av. la Rambla, 43, 03550 Sant Joan d'Alacant, Alicante, Spain",965 94 05 00,https://www.dondeporte.com/?utm_source=google&utm_medium=maps,10,803,4.5,1,tiendas_ropa,"San Juan Playa, Alicante",38.3994723,-0.4347909,1,sin_contactar,,2026-05-20 00:43:41.842055,2026-05-20 00:43:41.842057
4d4cc210253341ce8a5051e077984303,ChIJk9k3I5Q7Yg0RqeQs7G23oLI,Seny Creatius,"C. María Zambrano, 14, 03550 Alicante, Spain",966 37 28 48,http://www.senycreatius.es/,10,24,4.5,1,tiendas_ropa,"San Juan Playa, Alicante",38.4010263,-0.4344071,1,sin_contactar,,2026-05-20 00:43:42.109365,2026-05-20 00:43:42.109368
601bc6d56d8a4ab9a835b090f9f556ec,ChIJd_k5PBs6Yg0RxL7CvwVOeYw,El enjambre,"Avinguda Mutxamel, 18, 03550 Sant Joan d'Alacant, Alicante, Spain",965 65 20 93,https://www.elenjambre.es/,6,20,5.0,1,tiendas_ropa,"San Juan Playa, Alicante",38.4070603,-0.4396272,1,sin_contactar,,2026-05-20 00:43:42.382854,2026-05-20 00:43:42.382857
68a11a013461468a9ea7cf30fbe8f8dd,ChIJRVF-qac5Yg0RFjOR9fr_tRQ,MAVISEL,"Centro Comercial Garden Playa, Av. Santander, 25, Local 59, 03540 Alicante, Spain",865 79 32 26,https://mavisel.com/,10,12,4.3,1,tiendas_ropa,"San Juan Playa, Alicante",38.3709965,-0.4144548,1,sin_contactar,,2026-05-20 00:43:42.925411,2026-05-20 00:43:42.925414
186d2b52e3ed4c1e80d99f5b4615aa8b,ChIJW-RQsQ86Yg0RWdLPieOb6N0,Notajunto - Ropa Infantil y Comunión,"Carrer Elx, 5, bajo, 03110 Mutxamel, Alicante, Spain",653 83 25 75,http://www.notajunto.es/,10,95,4.7,1,tiendas_ropa,"San Juan Playa, Alicante",38.4109492,-0.4436551,1,sin_contactar,,2026-05-20 00:43:43.196105,2026-05-20 00:43:43.196108
66c504ff5e6c4c98990f01a1b5beba90,ChIJy-mnISE6Yg0RPLeJ6aag8ok,Juguetilandia Sant Joan d'Alacant,"Carretera Alicante-Valencia, Km. 88, 8 - 14.1 Pol. H, 03550 Sant Joan d'Alacant, Alicante, Spain",965 65 59 58,https://www.juguetilandia.com/tienda/juguetilandia-juguetilandia-san-juan-12.htm,10,167,3.8,1,tiendas_ropa,"San Juan Playa, Alicante",38.4026708,-0.4273322,1,sin_contactar,,2026-05-20 00:43:43.730055,2026-05-20 00:43:43.730058
2ce2717951fa4decbef53af0862dcf29,ChIJBWoxQfM7Yg0RG86CHi_eMt4,Centro Comercial Carrefour San Juan de Alicante,"Ctra. Valencia, Km 89, 03550 San Juan, Alicante, Spain",914 90 89 00,https://www.micentrocomercial.es/sanjuan-alicante/,10,3539,4.3,1,tiendas_ropa,"San Juan Playa, Alicante",38.4057028,-0.4243953,1,sin_contactar,,2026-05-20 00:43:44.829536,2026-05-20 00:43:44.829539
ea4af81553b349949d72bff5cceee92d,ChIJO0GOUPQ5Yg0RFwfwi8ssHYs,CHOCOLATE,"C/ Jaume I, 22, 03550 Sant Joan d'Alacant, Alicante, Spain",965 65 59 08,http://modaenchocolate.com/,10,41,4.8,1,tiendas_ropa,"San Juan Playa, Alicante",38.3969132,-0.4341695,1,sin_contactar,,2026-05-20 00:43:46.991200,2026-05-20 00:43:46.991203
7ce9e2778dc9429187aebb79c83aa325,ChIJKY6nHcI7Yg0Rak5q9ntdFBs,SUA BEAUTY,"Carrefour, sua beauty, Ctra. Valencia, km. 89, 03550 Sant Joan d'Alacant, Alicante, Spain",664 30 87 14,https://suabeauty.es/,10,32,5.0,1,tiendas_ropa,"San Juan Playa, Alicante",38.4072884,-0.4231734,1,sin_contactar,,2026-05-20 00:43:47.536881,2026-05-20 00:43:47.536884
ed6dc583c9cc4efbb98b5e8c528190bb,ChIJGzLgrfU5Yg0RJiMeH4ueoX8,Kokoa,"C/ Jaume I, 7, 03550 Sant Joan d'Alacant, Alicante, Spain",688 79 69 54,http://kokoamoda.es/,10,12,4.3,1,tiendas_ropa,"San Juan Playa, Alicante",38.3978588,-0.4342175,1,sin_contactar,,2026-05-20 00:43:47.812016,2026-05-20 00:43:47.812019
8c1d100b4b9941169c82232bf7578088,ChIJ799IJR46Yg0RyY2GSwjcSBY,CHARLIEPRINT,"C/ Carmen, 69, 4ºD, 03550 Sant Joan d'Alacant, Alicante, Spain",635 01 51 99,https://www.instagram.com/charlieprint_3.0/,10,31,4.2,1,tiendas_ropa,"San Juan Playa, Alicante",38.396339,-0.434626,1,sin_contactar,,2026-05-20 00:43:48.090214,2026-05-20 00:43:48.090220
0e55920bc334480291428547cdd2aa00,ChIJqZhvUvQ5Yg0RA2ZZiJ_er28,Karay,"C/ Jaume I, 6, 03550 Sant Joan d'Alacant, Alicante, Spain",722 57 79 47,http://karayalicante.com/,5,62,4.5,1,tiendas_ropa,"San Juan Playa, Alicante",38.3978335,-0.4345961,1,sin_contactar,,2026-05-20 00:43:49.193774,2026-05-20 00:43:49.193777
0a56dc72623e4b7eb2cba41e0b6cedab,ChIJOeNjA2k5Yg0R0ofseKM5SqY,Farmacia Trébol PAU5,"Maestro José Garberí Serrano, 5, local 6, 03540 Alicante, Spain",965 36 28 60,https://bit.ly/farmaciastrebolweb,10,211,4.9,1,tiendas_ropa,"San Juan Playa, Alicante",38.382645,-0.414417,1,sin_contactar,,2026-05-20 00:43:50.573303,2026-05-20 00:43:50.573306
c0a2fe0afef84dc99f739bcd7383ebfe,ChIJ2RlgHh46Yg0RzSttNWV7tS4,Marvimundo,"Av. la Rambla, 23, 03550 Sant Joan d'Alacant, Alicante, Spain",965 29 60 04,https://www.marvimundo.com/,10,104,3.9,1,tiendas_ropa,"San Juan Playa, Alicante",38.4002922,-0.4350421,1,sin_contactar,,2026-05-20 00:43:50.838116,2026-05-20 00:43:50.838119
542a7d15c8644c06887c5209a05a7612,ChIJd3vMprHUwmEREhgOiW4SIbU,Podoks,"Carrer Dr. Severo Ochoa, s/n, Local 11, 03550 Sant Joan d'Alacant, Alicante, Spain",601 54 85 49,https://podoks.com/,10,37,4.5,1,tiendas_ropa,"San Juan Playa, Alicante",38.3947866,-0.4374558,1,sin_contactar,,2026-05-20 00:43:51.921667,2026-05-20 00:43:51.921671
db31057c7f05424995cb73cd30db672a,ChIJbZ9Zuj-xdawRubDoOJ64xiA,CAMISETAS Y ROPA LABORAL BY DAVID SEVA,"CAMISETAS BY DAVID SEVA, C. Cervantes, 17, LOCAL 3, 03550 Sant Joan d'Alacant, Alicante, Spain",,https://miraqueimpresion.com/,10,13,4.2,0,tiendas_ropa,"San Juan Playa, Alicante",38.4032973,-0.4377496,1,sin_contactar,,2026-05-20 00:43:52.470078,2026-05-20 00:43:52.470080
8dec227283b0470ba0429f280f62ae3e,ChIJW3s6x6k7Yg0RYRmskRAE5jA,Misspija,"Carrer Serra Grossa, 4, 03550 Sant Joan d'Alacant, Alicante, Spain",,https://misspija.com/,10,29,5.0,1,tiendas_ropa,"San Juan Playa, Alicante",38.4009843,-0.445318,1,sin_contactar,,2026-05-20 00:43:53.538093,2026-05-20 00:43:53.538096
de5327993fb549608df5cc4225396645,ChIJs32y8bw5Yg0RfrwvyV-Q6K4,Club esportiu Arena Alacant,"Av. del Locutor Vicente Hipólito, s/n, 03540 Alicante, Spain",965 94 34 06,http://www.arenaalicante.com/,10,794,4.1,1,gimnasios,"San Juan Playa, Alicante",38.3755546,-0.4248433,1,sin_contactar,,2026-05-20 00:44:00.987332,2026-05-20 00:44:00.987335
f9b968e0659d4ae0b5767d8efe0ba14c,ChIJ9bDcR4A5Yg0R7dTgHvEoFSo,Quatroeme Training Place,"C. VillaMarco Village, Av. del Fabraquer, 38, Local 12 C, 03560 El Campello, Alicante, Spain",679 88 32 63,http://www.quatroeme.es/,3,26,4.7,1,gimnasios,"San Juan Playa, Alicante",38.3982217,-0.4137379,1,sin_contactar,,2026-05-20 00:44:01.253453,2026-05-20 00:44:01.253456
12516787ecd84847a67fd9c6a49bfd50,ChIJsQDDkCA6Yg0R8uC9fU9tTIg,Ozone Sports Club,"Ctra. Valencia, 88, 03550 Sant Joan d'Alacant, Alicante, Spain",965 65 47 95,http://www.ozonesportsclub.com/,10,603,4.3,1,gimnasios,"San Juan Playa, Alicante",38.4007063,-0.4278674,1,sin_contactar,,2026-05-20 00:44:01.801009,2026-05-20 00:44:01.801014
92b0c1f5a1dc46ebbb95a15126ecf219,ChIJhQNH7Io5Yg0RrSc7yiriZy4,Gimnasio Fit21,"Av. de Benidorm, 25, 03550 Sant Joan d'Alacant, Alicante, Spain",,http://www.fit21.es/,10,784,4.6,1,gimnasios,"San Juan Playa, Alicante",38.3985718,-0.4299153,1,sin_contactar,,2026-05-20 00:44:02.072125,2026-05-20 00:44:02.072128
eeed3acad8994dc698b0b2ba665b9c4f,ChIJhdBIJPU5Yg0RyAccJMbpAMY,Clínica Tara,"Avinguda de la Diagonal, 4, 03550 Sant Joan d'Alacant, Alicante, Spain",630 04 78 76,http://saludnaturaltara.com/,7,11,4.9,1,gimnasios,"San Juan Playa, Alicante",38.397836,-0.4322566,1,sin_contactar,,2026-05-20 00:44:02.346710,2026-05-20 00:44:02.346712
da88f6640ea248cbb3125c8ea3146d0c,ChIJUZkeXPM5Yg0RALbzfMOIxcY,GYM TAO SANT JOAN,"Carrer 6 de Desembre, 7, 03550 Sant Joan, Alicante, Spain",966 37 43 19,https://www.gymtaoalicante.com/,10,65,4.8,1,gimnasios,"San Juan Playa, Alicante",38.3950897,-0.4327461,1,sin_contactar,,2026-05-20 00:44:02.612232,2026-05-20 00:44:02.612234
e52d52265c234ce5a001492d4c2b3129,ChIJrXeSkq85Yg0R1kNWFqhpAL0,Alejandro Fochtman,"Maestro José Garberí Serrano, 10, 03540 Alicante, Spain",667 90 53 69,https://fisioterapiafochtman.com/,10,11,5.0,1,gimnasios,"San Juan Playa, Alicante",38.3839435,-0.4148376,1,sin_contactar,,2026-05-20 00:44:03.191144,2026-05-20 00:44:03.191147
b944b5d283e84b5c94d7da2318c5b627,ChIJi1KDIAU6Yg0R2gcucT0qlGs,Poliesportiu Municipal Els Oms,"C/ Camí Vell, 4, 03110 Mutxamel, Alicante, Spain",965 95 23 28,http://www.mutxamel.org/,10,957,4.1,1,gimnasios,"San Juan Playa, Alicante",38.4079279,-0.4433879,1,sin_contactar,,2026-05-20 00:44:03.456949,2026-05-20 00:44:03.456952
15fc10d90fa64b81b34e4d61e653f770,ChIJDf2rD4Y7Yg0R-g6hb_Pu8qI,YogaBond | Masaje · Yoga · Meditación,"C. Pedagoga Amelia Asensi Beviá, 1, Local 3, 03550 Sant Joan d'Alacant, Alicante, Spain",652 89 48 38,https://www.yogabond.es/,8,66,5.0,1,gimnasios,"San Juan Playa, Alicante",38.3912823,-0.4257521,1,sin_contactar,,2026-05-20 00:44:03.998498,2026-05-20 00:44:03.998501
24c55de19b7d45bc888bda16937ee420,ChIJ0zpS3yc5Yg0R7njlp8UTlTU,Morera Trainer,"C/ de Juan Ramón Jiménez, 11, 03560 El Campello, Alicante, Spain",618 48 07 48,https://www.instagram.com/moreratrainer?igsh=MWhlMjVhbmlxaW1jeA==,8,20,5.0,1,gimnasios,"San Juan Playa, Alicante",38.3901315,-0.411783,1,sin_contactar,,2026-05-20 00:44:04.270179,2026-05-20 00:44:04.270182
06c0ada1b4e84ae8b108411fe8917a8f,ChIJ8S8ZvLE3Yg0Rvwcz-iA9tM8,"Mondo Bienestar - Reiki, Quiromasaje, Herbolario y Tienda Ecológica en El Campello / Alicante","Carrer de Juan de la Cierva, 34, 03560 El Campello, Alicante, Spain",688 70 25 26,https://mondobienestar.es/,10,67,5.0,1,gimnasios,"San Juan Playa, Alicante",38.3900422,-0.4109451,1,sin_contactar,,2026-05-20 00:44:04.542705,2026-05-20 00:44:04.542710
e4ab8b3b51254c87a7761e45c43a7893,ChIJkR9Bh7E5Yg0RBcCpVXHRAgs,Sadhana Yoga Bienestar,"C/ de Juan Ramón Jiménez, 17, local, 03560 El Campello, Alicante, Spain",614 19 50 33,https://sadhana-bienestar.com/,10,26,5.0,1,gimnasios,"San Juan Playa, Alicante",38.3885002,-0.4122321,1,sin_contactar,,2026-05-20 00:44:04.826726,2026-05-20 00:44:04.826729
d252e209d5764a83bd22d05b176eb4c4,ChIJr7N7miA6Yg0RkY4lL-UsiXA,DeFrutos Escuela de Judo - Ozone Sport,"Km. 115, N-332, 03550 Alicante, Spain",622 12 03 09,http://www.escueladefrutos.es/,7,7,4.3,1,gimnasios,"San Juan Playa, Alicante",38.4007922,-0.4279811,1,sin_contactar,,2026-05-20 00:44:05.099636,2026-05-20 00:44:05.099638
8ea8996f637b478582af42140681f543,ChIJhZVQLUY5Yg0RRmH2ms1D9sQ,AProp Training,"Avinguda de la Diagonal, 03550 Sant Joan d'Alacant, Alicante, Spain",604 80 25 23,https://aproptraining.es/,10,39,4.8,1,gimnasios,"San Juan Playa, Alicante",38.3971996,-0.4309995,1,sin_contactar,,2026-05-20 00:44:05.639673,2026-05-20 00:44:05.639678
03f945af386543a4a239f21a92388593,ChIJfV6GAek7Yg0RzhBLykUkahM,Team Cartuchos Training Center,"Av. de Miguel Hernández, 62, 03550 Sant Joan d'Alacant, Alicante, Spain",696 71 63 54,https://teamcartuchos.wodbuster.com/,10,61,4.9,1,gimnasios,"San Juan Playa, Alicante",38.4030079,-0.4268424,1,sin_contactar,,2026-05-20 00:44:05.911698,2026-05-20 00:44:05.911703
ac6df4255e4346f08c9cf3901ad33629,ChIJHdii6X05Yg0RQq6QVR-2D9c,Box Muchavista,"Camí de Marco, 4, 03560 El Campello, Alicante, Spain",637 06 41 27,http://www.boxmuchavista.com/,10,113,4.9,1,gimnasios,"San Juan Playa, Alicante",38.3988182,-0.4069949,1,sin_contactar,,2026-05-20 00:44:06.185228,2026-05-20 00:44:06.185233
c7b38fa2a5404673ae50ccd239ad5bfa,ChIJ90eGevk5Yg0Ruyjr8bi_JhE,Mar en calma Yoga,"Av. Jaime I el Conquistador, 101, 03560 El Campello, Alicante, Spain",659 59 51 60,http://www.marencalmayoga.es/,10,14,4.9,1,gimnasios,"San Juan Playa, Alicante",38.3895584,-0.4085789,1,sin_contactar,,2026-05-20 00:44:06.458177,2026-05-20 00:44:06.458182
521884f4b2aa4bb4b1a2a0a48af62218,ChIJt3PoiDQ5Yg0RyepJRcd5Wf0,Fitness Costa Blanca San Juan Playa PAU 5,"Maestro José Garberí Serrano, 15, A, 03540 Alicante, Spain",865 60 35 53,https://fitnesscostablanca.com/,10,30,5.0,1,gimnasios,"San Juan Playa, Alicante",38.385494,-0.4181922,1,sin_contactar,,2026-05-20 00:44:06.728787,2026-05-20 00:44:06.728790
831138e6f471419fbc84cab9b1c0d8da,ChIJJcgDnUk7Yg0RwxmmapSLYvs,AYBAYOGA - Escuela de Yoga,"Av. Jaime I el Conquistador, 102, 03560 Alicante, Spain",608 91 08 53,https://aybayoga.com/es/inicio/,7,26,5.0,0,gimnasios,"San Juan Playa, Alicante",38.38906490000001,-0.4085789,1,sin_contactar,,2026-05-20 00:44:07.272258,2026-05-20 00:44:07.272263
aa323201d43a4df59d90d887ad4218f3,ChIJ2dlIJPU5Yg0RMz7gyw5dw4M,HFC FISIOTERAPIA JORGE LLEDÓ,"Avinguda de la Diagonal, 4b, Bajo, 03550 Sant Joan d'Alacant, Alicante, Spain",965 94 24 73,http://www.fisioterapiajorgelledo.es/,8,120,4.8,1,gimnasios,"San Juan Playa, Alicante",38.39801629999999,-0.4326586,1,sin_contactar,,2026-05-20 00:44:07.820529,2026-05-20 00:44:07.820534
e89cb5b4ab9d48cbb368e146e1317dd4,ChIJ0e1WKBk5Yg0Ryl_lna9Mb68,Origen Fitness y Yoga,"C. 6 de Desembre, 3, local bajo, 03550 Sant Joan d'Alacant, Alicante, Spain",647 61 74 60,https://yogayentrenamiento.com/,7,18,5.0,1,gimnasios,"San Juan Playa, Alicante",38.3953798,-0.4330828,1,sin_contactar,,2026-05-20 00:44:08.089306,2026-05-20 00:44:08.089310
0e825a89ef334817b6d2ba60a9280681,ChIJDWNMJvQ5Yg0Rk_TKmkE-F38,Centro Deportivo UMH San Juan,"Av. de la Cadena, 03550 Sant Joan d'Alacant, Alicante, Spain",,https://deportes.umh.es/,6,25,4.5,0,gimnasios,"San Juan Playa, Alicante",38.3915533,-0.43255,1,sin_contactar,,2026-05-20 00:44:08.366881,2026-05-20 00:44:08.366886
54bf6f740f66496680b6f31cd5c96d38,ChIJ-V2uB0c5Yg0RYhqN4DpBK78,Tuo Tempo Pilates San Juan de Alicante,"C/ Jaume I, 35, 03550 Sant Joan d'Alacant, Alicante, Spain",617 93 61 79,https://tuotempoestudio.com/,10,72,5.0,1,gimnasios,"San Juan Playa, Alicante",38.3965212,-0.4336383,1,sin_contactar,,2026-05-20 00:44:08.674066,2026-05-20 00:44:08.674071
c77fe3c95c5145129ee28726f43880f6,ChIJPWr7ojw7Yg0R0AkhV6IB0pk,Nova Woman Club,"Carrer del Pintor Manuel Baeza Gómez, 41, 03550 Sant Joan d'Alacant, Alicante, Spain",624 31 90 05,http://www.novawomanclub.es/,7,24,5.0,1,gimnasios,"San Juan Playa, Alicante",38.4011963,-0.4330334,1,sin_contactar,,2026-05-20 00:44:09.502143,2026-05-20 00:44:09.502148
b8e7da9e394049098a0388b421744ab7,ChIJ3XROrC87Yg0RujB8xdunn0w,La Cúpula Center - Centro de entrenamiento,"C. de la Ordana, 2, local 3, 03550 Sant Joan, Alicante, Spain",633 77 68 43,https://www.instagram.com/lacupulacenter/,9,26,5.0,1,gimnasios,"San Juan Playa, Alicante",38.4003241,-0.4341754,1,sin_contactar,,2026-05-20 00:44:09.770896,2026-05-20 00:44:09.770900
7b69225cb633449c92676ac714d0ddf0,ChIJtYu2O0o5Yg0RJQw4nhND-wk,Brooklyn Fitboxing Playa de san juan,"Av. Artista Remigio Soler López, 4, 03540 Alicante, Spain",649 95 37 49,https://bfclick.com/playa-de-san-juan-gmb,10,260,4.9,1,gimnasios,"San Juan Playa, Alicante",38.3829909,-0.4150037,1,sin_contactar,,2026-05-20 00:44:10.042741,2026-05-20 00:44:10.042746
18fc54907db94352bbbf533c8999271c,ChIJW_GB4qI5Yg0RlaFozGawxrU,FISIOMOVEMENT - PAU5 - Clases dirigidas y Talleres,"Maestro José Garberí Serrano, 2, 03540 Alicante, Spain",687 94 28 52,https://fisiomovement.es/,10,15,5.0,1,gimnasios,"San Juan Playa, Alicante",38.3827931,-0.4137252,1,sin_contactar,,2026-05-20 00:44:10.314227,2026-05-20 00:44:10.314230
827e89fc1b27413a8ad31a8acd3fc17c,ChIJuTwUOPE5Yg0R4IrYJO0z4fg,Clinica Sevila,"Calle Dr. Van Der Hofstad, 03550 Sant Joan d'Alacant, Alicante, Spain",679 27 63 44,http://www.clinicasevila.com/,10,327,4.9,1,gimnasios,"San Juan Playa, Alicante",38.39449,-0.4366909,1,sin_contactar,,2026-05-20 00:44:11.122555,2026-05-20 00:44:11.122561
b553778c265d49338a783b064447c268,ChIJOZ4ONZw7Yg0RweapFhdkKPE,TROBASALUT Clínica de Fisioterapia,"C. Cervantes, 22, LOCAL 2, 03550 Sant Joan d'Alacant, Alicante, Spain",666 88 82 44,https://www.trobasalut.com/,7,36,4.9,1,gimnasios,"San Juan Playa, Alicante",38.4036762,-0.4374052,1,sin_contactar,,2026-05-20 00:44:11.394471,2026-05-20 00:44:11.394498
822628f5ddc248289f27f08e25351ba5,ChIJ1VR7Lm05Yg0RQ32yp1UozA4,Casandra Mindfulness | Yoga Playa de San Juan,"Parque La Marjal, 03540 Alacant, Alicante, Spain",673 84 28 73,http://www.casandramindfulness.com/,10,31,5.0,1,gimnasios,"San Juan Playa, Alicante",38.37683699999999,-0.4197982,1,sin_contactar,,2026-05-20 00:44:12.200383,2026-05-20 00:44:12.200388
273d9d8f849d4343992bcca1b23c3491,ChIJAQIh0jE5Yg0RyMoHwKvNQFg,Parc de Cal.listènia Platja de Sant Joan,"Av. de Niza, 30B, 03540 Alicante, Spain",688 98 98 35,https://www.kengurupro.es/index.html#,10,28,5.0,1,gimnasios,"San Juan Playa, Alicante",38.3777442,-0.4100149,1,sin_contactar,,2026-05-20 00:44:12.750642,2026-05-20 00:44:12.750647
0795cc3006a5406cbd8e6a388d8a5d8b,ChIJd9zUKr05Yg0ReQDBy21nJqw,LIFE Hot Yoga Alicante,"Lo Gozo, Av. del Locutor Vicente Hipólito, 39, 03540 Alicante, Spain",966 27 54 80,http://www.lifealicante.com/,10,78,4.9,1,gimnasios,"San Juan Playa, Alicante",38.3764381,-0.42159,1,sin_contactar,,2026-05-20 00:44:13.023868,2026-05-20 00:44:13.023925
edbe04922d8740d69e0262ff8b40fcc1,ChIJNY0TKl45Yg0RIXdKaEsrcas,iTRAINING - ALICANTE GOLF,"Casa Club de Alicante Golf, Av. del Locutor Vicente Hipólito, 37, 03540 Alicante, Spain",623 53 52 34,https://www.grupoitraining.com/,10,196,5.0,1,gimnasios,"San Juan Playa, Alicante",38.3761087,-0.4226753,1,sin_contactar,,2026-05-20 00:44:13.301591,2026-05-20 00:44:13.301597
59a665ca68e34639bfda6b40a7a218bd,ChIJ2Zp9Iec5Yg0R8oyUOV_iq7I,Bela Padel Center Alicante,"Av. del Locutor Vicente Hipólito, S/N, 03540 Alicante, Spain",638 92 88 47,https://belapadelcenter.com/,10,265,4.4,1,gimnasios,"San Juan Playa, Alicante",38.3758315,-0.4237558,1,sin_contactar,,2026-05-20 00:44:13.571013,2026-05-20 00:44:13.571016
f2c09308a9a548dead17e5d9df5e3b79,ChIJBRXKqFo7Yg0RyiKfn9Qt5vI,GreenYoga,"C. la Fonteta, 17, 03550 Sant Joan d'Alacant, Alicante, Spain",622 69 67 77,https://greenyoga.my.canva.site/,5,11,4.9,0,gimnasios,"San Juan Playa, Alicante",38.4168914,-0.4172547,1,sin_contactar,,2026-05-20 00:44:14.115819,2026-05-20 00:44:14.115822
5a6f83340756480d87918e00e8bad554,ChIJSSB43Iw7Yg0RRKLEotdsJiA,Gol Center Academy,"C/ Camí Vell, 4, 03110 Mutxamel, Alicante, Spain",676 84 08 57,https://www.golcenteracademy.es/,7,9,5.0,1,gimnasios,"San Juan Playa, Alicante",38.4083571,-0.4422281,1,sin_contactar,,2026-05-20 00:44:14.655661,2026-05-20 00:44:14.655666
2b5e91f8f16249e69a25f2035873b2d9,ChIJN4yECj05Yg0RRu9pImB5Z4Y,Yoga con @shriyogivan,"Av. de Niza, s/n, 03540 Alicante, Spain",607 53 24 80,https://instagram.com/shriyogivan?igshid=OGQ5ZDc2ODk2ZA==,10,129,5.0,1,gimnasios,"San Juan Playa, Alicante",38.37424,-0.410344,1,sin_contactar,,2026-05-20 00:44:15.199840,2026-05-20 00:44:15.199845
7f16fd0f22f54d08a39155b7f9371e37,ChIJ0yStYwc7Yg0R4ZJT35fqeo0,Blue Fit Campello Playa,"Av. Jaime I el Conquistador, 16, 03560 El Campello, Alicante, Spain",622 16 50 51,http://www.bluecampellofit.es/,10,131,5.0,1,gimnasios,"San Juan Playa, Alicante",38.4140625,-0.3971816,1,sin_contactar,,2026-05-20 00:44:16.018262,2026-05-20 00:44:16.018267
6ec1dc7d08964afa9240f76ed7583951,ChIJ0XdBJ3k5Yg0RsZ82K6nPM8Y,Ashtanga Yoga Alicante,"C/ Britania, 38, 03540 Alacant, Alicante, Spain",685 25 50 73,https://ashtangayogalicante.com/,10,26,5.0,1,gimnasios,"San Juan Playa, Alicante",38.3704515,-0.4204482,1,sin_contactar,,2026-05-20 00:44:16.291210,2026-05-20 00:44:16.291215
581c2ea434f9403384bf362a8bf0f482,ChIJXb8hf7k5Yg0Rx_c5bhj5aVE,monica olmeda pilates,"Av. Pintor Fernando Soria, 11, 03540 Alicante, Spain",637 31 19 02,https://www.monicaolmeda.es/,10,17,5.0,1,gimnasios,"San Juan Playa, Alicante",38.3712299,-0.4270082,1,sin_contactar,,2026-05-20 00:44:16.562151,2026-05-20 00:44:16.562156
174a373adff44074998dcd038b9fa968,ChIJ0TxRtyM5Yg0Rgm0_J4DZUsA,BYBO STUDIOS,"C/ Britania, 38, 03540 Alacant, Alicante, Spain",666 03 09 36,https://www.bybostudios.com/,10,74,4.9,1,gimnasios,"San Juan Playa, Alicante",38.3703597,-0.4208368,1,sin_contactar,,2026-05-20 00:44:16.828361,2026-05-20 00:44:16.828366
b021629827b64bf69da39ce217e6a3fa,ChIJzx92vC87Yg0RahVfjdM55Vs,Total Body Pilates Muchamiel,"Carrer Salvador i Vicente Pérez Lledó, 7, 03110 Mutxamel, Alicante, Spain",636 55 46 72,https://www.facebook.com/totalbodypilatesalicante,3,13,5.0,1,gimnasios,"San Juan Playa, Alicante",38.41262589999999,-0.4428298,1,sin_contactar,,2026-05-20 00:44:16.829016,2026-05-20 00:44:16.829020
2abe55229c01427da770943e677b9c8f,ChIJ0WIVWvQ5Yg0RnMn9jlzB4kw,Clinica Dental Dra. Isabel Counotte,"C/ Jaume I, 28, 1ºC, 03550 Sant Joan d'Alacant, Alicante, Spain",966 37 43 73,http://draisabelcounotte.com/,6,16,5.0,1,clinicas_dentales,"San Juan Playa, Alicante",38.396681,-0.434085,1,sin_contactar,,2026-05-20 00:44:19.626593,2026-05-20 00:44:19.626601
5a74a4f441e54b888c08fa453a7d192f,ChIJuY_bX_U5Yg0RobgK28QIZDQ,Clinica Dental Javier Arroyo & Fernando Hernández,"Carrer l'Ordana, 8, 03550 Sant Joan d'Alacant, Alicante, Spain",965 65 15 23,https://dentaljavierarroyo.com/,10,129,4.5,1,clinicas_dentales,"San Juan Playa, Alicante",38.3996937,-0.4340081,1,sin_contactar,,2026-05-20 00:44:19.902023,2026-05-20 00:44:19.902026
e7918cbc483f4cd09db410c6399f5640,ChIJXRqhlvU5Yg0RMhHa8hWWNHE,Clinica Dental Garcia Rocamora,"Av. la Rambla, 49, 03550 Sant Joan d'Alacant, Alicante, Spain",966 29 67 80,http://www.clinicagarciarocamora.com/,10,76,4.7,1,clinicas_dentales,"San Juan Playa, Alicante",38.3989779,-0.4346034,1,sin_contactar,,2026-05-20 00:44:20.175163,2026-05-20 00:44:20.175166
30e23f26e32b48438e3d2db9976571d0,ChIJKQBwlPU5Yg0RV90irHQPDa8,Escorial Romano Dental,"Carrer Mosén Pedro Mena, 12, 03550 Sant Joan d'Alacant, Alicante, Spain",965 65 89 51,https://escorialromanodental.es/,10,63,4.4,1,clinicas_dentales,"San Juan Playa, Alicante",38.3981185,-0.4353697,1,sin_contactar,,2026-05-20 00:44:20.444489,2026-05-20 00:44:20.444492
635f73b527bd4aca8f0b89967e93a7b1,ChIJqTQ_U6Y5Yg0RR0_aPgrSQEg,Clínica Dental Gardents,"Av. Bruselas, 12, 03540 Alicante, Spain",965 16 65 13,https://www.clinicagardents.com/,10,219,4.9,1,clinicas_dentales,"San Juan Playa, Alicante",38.3708006,-0.4151506,1,sin_contactar,,2026-05-20 00:44:20.711700,2026-05-20 00:44:20.711703
8c98f3b008d548c0beab198412f51954,ChIJa4Vlwr85Yg0RY5qo0OI8JaE,IDEM ALICANTE,"Av. Jaime I el Conquistador, 118, 03560 El Campello, Alicante, Spain",965 65 17 17,https://idemdental.es/clinica-dental-idem-alicante/,10,518,5.0,1,clinicas_dentales,"San Juan Playa, Alicante",38.3950928,-0.4075848,1,sin_contactar,,2026-05-20 00:44:21.252487,2026-05-20 00:44:21.252489
75defe674baf4f89bcc909a81cb2c1f9,ChIJ24EHFco5Yg0R7ZdCr5k8EQY,Clínica Dental Nuva San Juan,"Avinguda de la Diagonal, 4, 03550 Sant Joan d'Alacant, Alicante, Spain",655 14 08 91,https://clinicadentalnuva.com/,3,10,5.0,1,clinicas_dentales,"San Juan Playa, Alicante",38.3977497,-0.4322294,1,sin_contactar,,2026-05-20 00:44:21.520158,2026-05-20 00:44:21.520162
96d7c28c686b4cbfbb73db59b052f4ed,ChIJ-2rRtQ45Yg0R_zPx3WpAtRg,SmileUP - Clínica Dental,"Plaça del Pou, 2, bajo izquierdo, 03550 Sant Joan d'Alacant, Alicante, Spain",635 32 19 20,http://smileup.com.es/,10,60,4.9,0,clinicas_dentales,"San Juan Playa, Alicante",38.3954225,-0.4339946,1,sin_contactar,,2026-05-20 00:44:22.331365,2026-05-20 00:44:22.331368
1dcab9d80c894f4d9d1a526aa66e1d1a,ChIJF-2_dx05Yg0RnYc9vNZP6d8,Zenit Clinic | Clínica Dental,"Av. Artista Remigio Soler López, 9 Pau 5, esquina, Edificio Kronos, Maestro José Garberí Serrano, 03540 Alicante, Spain",651 82 66 36,https://zenitclinic.com/?utm_source=google_business_profile&utm_medium=organic&utm_campaign=sitio_web&utm_id=boton,10,462,4.8,1,clinicas_dentales,"San Juan Playa, Alicante",38.38358760000001,-0.4145066,1,sin_contactar,,2026-05-20 00:44:22.600674,2026-05-20 00:44:22.600676
b62ff68286b24c76a13748b8fde06c99,ChIJH_VTdZw5Yg0R37IWCokcYLM,Instituto Dental Internacional Playa San Juan,"Maestro José Garberí Serrano, 11, 03540 San Juan, Alicante, Spain",965 43 63 09,http://www.institutodentalinternacional.com/,10,144,4.8,1,clinicas_dentales,"San Juan Playa, Alicante",38.3831705,-0.4154764,1,sin_contactar,,2026-05-20 00:44:22.870336,2026-05-20 00:44:22.870339
21752401b29a497284dac49a748ea7ba,ChIJw8JihnY5Yg0RKE829BGOvEE,Zudents Clinic,"Calle Dr. Perez Mateos, 1, Local 15, 03550 Sant Joan d'Alacant, Alicante, Spain",661 38 67 30,http://zudents.es/,10,60,4.7,1,clinicas_dentales,"San Juan Playa, Alicante",38.394225,-0.4371886,1,sin_contactar,,2026-05-20 00:44:23.135856,2026-05-20 00:44:23.135859
5d0a41c854254c8fb5e98a040747f735,ChIJYfTTRRw6Yg0R3Bme2aKBrFQ,Clinica Dental Dra. de la Fuente. Clínica dental e implantes dentales en San Juan.,"C. Cervantes, 22, 03550 Sant Joan d'Alacant, Alicante, Spain",611 40 69 50,http://www.clinicadentalfuente.es/,10,55,3.9,1,clinicas_dentales,"San Juan Playa, Alicante",38.4036286,-0.4375586,1,sin_contactar,,2026-05-20 00:44:23.727463,2026-05-20 00:44:23.727466
39ee36b6bab84615a9f591d6af66f148,ChIJldyMoA86Yg0R6nfQ6jtr5Cc,Policlínica Mutxamel,"Avinguda Carlos Soler, 10, 03110 Mutxamel, Alicante, Spain",965 95 23 61,http://www.policlinicamutxamel.com/,10,338,4.5,1,clinicas_dentales,"San Juan Playa, Alicante",38.4120708,-0.4429829,1,sin_contactar,,2026-05-20 00:44:25.077116,2026-05-20 00:44:25.077119
3e9f6e0c2af145b19dbb38cf1202216e,ChIJT6ZTC6U5Yg0R8Nyq5nB-UuQ,Hotel Alicante Golf,"Carrer Escultor José Gutierrez, 23, 03540 Alacant, Alicante, Spain",965 23 50 00,http://www.hotelalicantegolf.com/?utm_source=google&utm_medium=wix_google_business_profile&utm_campaign=4832913913118445398,10,2322,4.1,1,restaurantes,"San Juan Playa, Alicante",38.3750081,-0.4211054,0,sin_contactar,,2026-05-20 00:42:57.270887,2026-05-20 00:42:57.270890
d9eef88afc374aaebad9afe3f54d1ff0,ChIJ15PFhHk5Yg0R7TjmKQ-y-AM,Restaurante La Ponderosa,"Calle Dr. Severo Ochoa, 2, A, 03560 El Campello, Alicante, Spain",965 65 99 10,http://www.restaurantelaponderosa.com/,10,2626,4.2,1,restaurantes,"San Juan Playa, Alicante",38.3917698,-0.4080011,0,sin_contactar,,2026-05-20 00:42:58.437758,2026-05-20 00:42:58.437761
1a99c1b305a949248de75a01d7db1f58,ChIJK9eimSU6Yg0RFLGeB6aty0s,Burger King,"Ctra. Valencia, Km. 89, 03550 San Juan, Alicante, Spain",628 80 47 18,https://www.burgerking.es/home?utm_source=gmb&utm_medium=local_seo_home&utm_campaign=tracking_seo,10,2291,3.5,1,restaurantes,"San Juan Playa, Alicante",38.4072732,-0.4228787000000001,0,sin_contactar,,2026-05-20 00:43:01.801657,2026-05-20 00:43:01.801659
2b026d3473ea49138a89d24bf24d5d45,ChIJmYkIAwc5Yg0Rt7fLvuT_Y6E,Restaurante Casa Julio,"Av. de Niza, s/n, 03540 Alicante, Spain",965 02 00 09,https://www.restaurantecasajulio.es/,10,4924,4.4,1,restaurantes,"San Juan Playa, Alicante",38.3812879,-0.4095714,0,sin_contactar,,2026-05-20 00:43:02.634526,2026-05-20 00:43:02.634528
f5ea849667cc4610b40341d685f656dd,ChIJa_IiUQg5Yg0RTgoNjin3AcQ,100 Montaditos,"Av. de Niza, 12, 03540 Alicante, Spain",686 46 82 87,http://spain.100montaditos.com/,10,6198,3.9,1,restaurantes,"San Juan Playa, Alicante",38.3706119,-0.4105969,0,sin_contactar,,2026-05-20 00:43:08.508113,2026-05-20 00:43:08.508116
d95b0e2be87a4cc3809249a71b8c877e,ChIJL2VvWgg5Yg0Rd4v_IjU8zxA,McDonald's,"Av. de Niza, 12, 03540 Alicante, Spain",965 15 19 44,https://mcdonalds.es/,10,4005,3.5,1,restaurantes,"San Juan Playa, Alicante",38.3704,-0.410576,0,sin_contactar,,2026-05-20 00:43:08.781620,2026-05-20 00:43:08.781623
a80d0fb6609f4f43a1f23736be4e5ac8,ChIJk2xV98AoQg0R2DbkVNnQUS4,Restaurante Le Petit Handicap 6,"Avinguda de la Diagonal, 6, 03550 Sant Joan d'Alacant, Alicante, Spain",662 49 23 87,https://handicap6.eatbu.com/,10,317,4.6,1,restaurantes,"San Juan Playa, Alicante",38.3974426,-0.4314524,0,sin_contactar,,2026-05-20 00:43:10.471435,2026-05-20 00:43:10.471438
2031fd15f8b54c7c868c7a0677d1ac40,ChIJkd3yoso7Yg0Ra2m_ztWd3dg,"Toys""R""Us & Prénatal","Ctra. Valencia, Km.88, 500, 03550 Sant Joan d'Alacant, Alicante, Spain",965 94 15 00,http://www.toysrus.es/,10,2826,4.8,1,tiendas_ropa,"San Juan Playa, Alicante",38.4059182,-0.4256314,0,sin_contactar,,2026-05-20 00:43:42.651449,2026-05-20 00:43:42.651452
